1403638524477829376,-0.00831,-0.05855,0.12066,-0.03842,0.83106,0.04558,0.55298,
1403638524577829632,0.00002,-0.05658,0.18195,-0.04148,0.82242,0.04409,0.56565,
1403638524677829632,0.00933,-0.05387,0.23712,-0.03734,0.81611,0.03850,0.57540,
1403638524777829376,0.00585,-0.06124,0.28964,-0.02449,0.81237,0.03333,0.58168,
1403638525077829632,0.02187,-0.04847,0.31225,-0.02500,0.80686,0.03624,0.58910,
1403638525377829632,0.02017,-0.05016,0.17791,-0.02595,0.81720,0.05086,0.57352,
1403638525477829376,0.01696,-0.05060,0.12467,-0.03460,0.82948,0.05276,0.55497,
1403638525577829632,0.01408,-0.05327,0.07762,-0.04104,0.83857,0.05239,0.54072,
1403638525677829632,0.01245,-0.05368,0.03673,-0.04194,0.84152,0.04949,0.53632,
1403638525777829376,0.01061,-0.05501,0.00482,-0.03920,0.83996,0.04376,0.53946,
1403638525877829632,0.00945,-0.05649,-0.01819,-0.03234,0.83631,0.03954,0.54587,
1403638525977829376,0.00661,-0.06510,-0.03004,-0.02410,0.83495,0.03849,0.54845,
1403638526077829632,0.00394,-0.08480,-0.03128,-0.01986,0.83658,0.03646,0.54628,
1403638526177829632,0.00097,-0.11456,-0.02396,-0.01824,0.83895,0.02750,0.54321,
1403638526277829376,-0.00345,-0.15111,-0.01058,-0.01496,0.83804,0.01859,0.54509,
1403638526377829632,-0.01020,-0.19238,0.00445,-0.01276,0.83394,0.01009,0.55162,
1403638526477829376,-0.01927,-0.23804,0.01759,-0.01156,0.82890,-0.00081,0.55928,
1403638526577829632,-0.02961,-0.29015,0.02694,-0.01032,0.82360,-0.01172,0.56695,
1403638526677829632,-0.04180,-0.34940,0.03390,-0.00603,0.81847,-0.02001,0.57416,
1403638526777829376,-0.05661,-0.41404,0.03926,0.00228,0.81542,-0.02538,0.57831,
1403638526877829632,-0.07276,-0.47944,0.04287,0.01013,0.81471,-0.02849,0.57908,
1403638526977829376,-0.08907,-0.54171,0.04588,0.01434,0.81781,-0.03478,0.57425,
1403638527077829632,-0.10316,-0.59969,0.04967,0.02201,0.82230,-0.04782,0.56661,
1403638527177829632,-0.11456,-0.65100,0.05538,0.02982,0.82404,-0.06294,0.56223,
1403638527277829376,-0.12114,-0.69124,0.06228,0.04135,0.82112,-0.07662,0.56408,
1403638527377829632,-0.12197,-0.71384,0.06852,0.05682,0.81604,-0.08530,0.56884,
1403638527477829376,-0.11683,-0.71441,0.07214,0.06717,0.81250,-0.08965,0.57210,
1403638527777829376,-0.07616,-0.60944,0.07214,0.06211,0.81401,-0.07947,0.57202,
1403638527877829632,-0.05235,-0.55195,0.07107,0.04767,0.81731,-0.07439,0.56939,
1403638527977829376,-0.03118,-0.49457,0.07315,0.03673,0.81830,-0.06902,0.56945,
1403638528077829632,-0.01171,-0.43681,0.07414,0.02941,0.81712,-0.06128,0.57245,
1403638528177829632,0.00608,-0.38020,0.07221,0.01917,0.81751,-0.05207,0.57324,
1403638528277829376,0.02975,-0.33011,0.06748,0.00632,0.81892,-0.04123,0.57240,
1403638528377829632,0.06154,-0.29291,0.06166,-0.00151,0.81856,-0.03266,0.57350,
1403638528777829376,0.19788,-0.21729,0.05631,0.00366,0.82022,-0.04523,0.57024,
1403638529177829632,0.16571,-0.17863,0.10168,0.01000,0.82104,-0.05283,0.56833,
1403638529277829376,0.13008,-0.15760,0.09973,0.02154,0.82297,-0.04667,0.56576,
1403638529377829632,0.09278,-0.13895,0.08843,0.02549,0.82824,-0.04210,0.55821,
1403638529477829376,0.06031,-0.12326,0.06778,0.02397,0.83827,-0.03939,0.54330,
1403638529577829632,0.03382,-0.11511,0.04281,0.02137,0.84839,-0.03616,0.52770,
1403638529677829632,0.01593,-0.10724,0.01801,0.02254,0.85225,-0.03304,0.52160,
1403638529777829376,0.00518,-0.09828,-0.00543,0.02174,0.84871,-0.03237,0.52741,
1403638529877829632,-0.00212,-0.08946,-0.02639,0.02033,0.84232,-0.03353,0.53756,
1403638529977829376,-0.00198,-0.08481,-0.04182,0.01989,0.83971,-0.03375,0.54162,
1403638530077829632,0.00729,-0.08397,-0.05264,0.02054,0.84113,-0.03426,0.53935,
1403638530177829632,0.02047,-0.08467,-0.06275,0.02161,0.84283,-0.03868,0.53635,
1403638530277829376,0.03572,-0.08691,-0.07266,0.02381,0.84241,-0.04471,0.53645,
1403638530377829632,0.04916,-0.09082,-0.08233,0.02637,0.84178,-0.04992,0.53686,
1403638530477829376,0.06105,-0.09501,-0.08963,0.02673,0.84154,-0.05383,0.53684,
1403638530577829632,0.06897,-0.09981,-0.09502,0.02609,0.84154,-0.05719,0.53652,
1403638530677829632,0.07373,-0.10379,-0.10030,0.02729,0.84452,-0.05936,0.53152,
1403638530777829376,0.07717,-0.10661,-0.10593,0.02744,0.84790,-0.06093,0.52592,
1403638530977829376,0.08113,-0.10900,-0.11360,0.02445,0.84632,-0.06053,0.52866,
1403638531177829632,0.08169,-0.10773,-0.11503,0.02604,0.84078,-0.05732,0.53771,
1403638538877829632,0.08367,-0.10764,-0.11574,0.03501,0.83407,-0.05924,0.54734,
1403638538977829376,0.08775,-0.10826,-0.11348,0.03584,0.82932,-0.05856,0.55453,
1403638539077829632,0.09257,-0.10918,-0.11008,0.03749,0.82374,-0.06014,0.56252,
1403638539177829632,0.10044,-0.10976,-0.10219,0.03695,0.81847,-0.06067,0.57015,
1403638539277829376,0.10946,-0.11043,-0.08648,0.03691,0.81480,-0.05998,0.57545,
1403638539377829632,0.11840,-0.11107,-0.06353,0.03666,0.81574,-0.05953,0.57418,
1403638539477829376,0.12804,-0.11287,-0.03389,0.03639,0.81780,-0.05856,0.57135,
1403638539977829376,0.18273,-0.11727,0.06041,0.03248,0.82771,-0.05437,0.55757,
1403638540077829632,0.20220,-0.12023,0.06850,0.03228,0.83363,-0.05427,0.54870,
1403638540377829632,0.30181,-0.12293,0.08971,0.03338,0.82738,-0.05074,0.55834,
1403638540477829376,0.34575,-0.13152,0.09822,0.03016,0.82513,-0.04472,0.56236,
1403638540577829632,0.39063,-0.12554,0.10405,0.02282,0.82541,-0.03322,0.56309,
1403638540677829632,0.43458,-0.13187,0.12153,0.01443,0.82560,-0.01601,0.56384,
1403638540777829376,0.48548,-0.12071,0.12008,0.00644,0.82477,0.00804,0.56537,
1403638540877829632,0.53996,-0.11735,0.12272,-0.00391,0.82410,0.03606,0.56528,
1403638540977829376,0.58943,-0.10096,0.12902,-0.01767,0.82255,0.06235,0.56499,
1403638541077829632,0.64236,-0.08412,0.12983,-0.03144,0.82037,0.08185,0.56507,
1403638541177829632,0.69564,-0.06089,0.12679,-0.04114,0.81863,0.09510,0.56490,
1403638541277829376,0.75028,-0.03684,0.12190,-0.04622,0.81783,0.10382,0.56413,
1403638541477829376,0.85487,0.02838,0.12982,-0.05039,0.81741,0.10760,0.56367,
1403638541677829632,0.96137,0.11243,0.16319,-0.05398,0.81421,0.11121,0.56726,
1403638541777829376,1.00861,0.17241,0.19689,-0.06383,0.81281,0.11681,0.56711,
1403638541877829632,1.06911,0.22182,0.21972,-0.07586,0.81132,0.12580,0.56584,
1403638541977829376,1.10860,0.28021,0.25809,-0.08773,0.81017,0.14019,0.56238,
1403638542077829632,1.15454,0.33680,0.28268,-0.10176,0.80800,0.15725,0.55862,
1403638542177829632,1.20123,0.39703,0.30029,-0.11720,0.80409,0.17720,0.55526,
1403638542277829376,1.23444,0.46517,0.32291,-0.13206,0.80006,0.20050,0.54978,
1403638542377829632,1.28378,0.52134,0.32565,-0.14573,0.79232,0.22224,0.54918,
1403638542477829376,1.32790,0.58387,0.33222,-0.15185,0.77873,0.24240,0.55835,
1403638542577829632,1.36926,0.64694,0.33650,-0.14796,0.76667,0.26079,0.56773,
1403638542677829632,1.40422,0.71382,0.34319,-0.14854,0.76325,0.27009,0.56783,
1403638542777829376,1.43367,0.78518,0.35528,-0.15737,0.76739,0.26892,0.56038,
1403638542877829632,1.45496,0.85955,0.37516,-0.16394,0.77278,0.26570,0.55257,
1403638543077829632,1.48739,1.01001,0.42990,-0.17036,0.78106,0.25914,0.54201,
1403638543377829632,1.53373,1.24268,0.48487,-0.16943,0.78402,0.25282,0.54101,
1403638543477829376,1.55114,1.32492,0.49611,-0.17134,0.78312,0.25699,0.53975,
1403638543577829632,1.56783,1.40847,0.50234,-0.17623,0.78025,0.26786,0.53704,
1403638543677829632,1.58234,1.49157,0.50596,-0.18307,0.77469,0.28536,0.53376,
1403638543777829376,1.59531,1.57302,0.51108,-0.19346,0.76667,0.30675,0.52980,
1403638543877829632,1.60891,1.65780,0.52250,-0.20510,0.75674,0.32923,0.52621,
1403638543977829376,1.62264,1.74458,0.54146,-0.21918,0.74833,0.34757,0.52072,
1403638544077829632,1.63526,1.83301,0.56461,-0.23406,0.74440,0.35883,0.51217,
1403638544177829632,1.64996,1.92355,0.58742,-0.24437,0.74139,0.36531,0.50713,
1403638544277829376,1.66491,2.01357,0.60375,-0.25119,0.73882,0.36871,0.50508,
1403638544477829376,1.69935,2.19648,0.62158,-0.25204,0.73868,0.37247,0.50210,
1403638544677829632,1.73819,2.38580,0.64077,-0.25898,0.72948,0.37097,0.51300,
1403638544977829376,1.79234,2.66168,0.68229,-0.25864,0.73268,0.37494,0.50567,
1403638545277829376,1.84398,2.93011,0.67845,-0.25944,0.73036,0.37771,0.50656,
1403638545477829376,1.87594,3.10227,0.65308,-0.26360,0.72753,0.37788,0.50835,
1403638545577829632,1.88974,3.18628,0.64310,-0.26791,0.72528,0.38468,0.50420,
1403638545677829632,1.90277,3.26907,0.63789,-0.27685,0.71970,0.39625,0.49837,
1403638545777829376,1.91703,3.35217,0.63960,-0.28574,0.71196,0.41280,0.49098,
1403638545877829632,1.93156,3.43704,0.64826,-0.29671,0.70132,0.43237,0.48287,
1403638545977829376,1.94750,3.52600,0.66304,-0.30653,0.68889,0.45437,0.47436,
1403638546077829632,1.96428,3.61516,0.68142,-0.31299,0.67700,0.47325,0.46877,
1403638546177829632,1.98084,3.70738,0.69521,-0.32061,0.66835,0.48557,0.46340,
1403638546277829376,1.99684,3.80024,0.70153,-0.32560,0.66365,0.49314,0.45866,
1403638546377829632,2.01129,3.89443,0.70194,-0.33189,0.66213,0.49528,0.45401,
1403638546577829632,2.03939,4.08385,0.69167,-0.33566,0.65973,0.49977,0.44980,
1403638546677829632,2.05208,4.18278,0.69252,-0.33930,0.65491,0.50566,0.44752,
1403638546777829376,2.06383,4.28265,0.70368,-0.34187,0.65033,0.51140,0.44573,
1403638546977829376,2.08604,4.49314,0.73991,-0.34119,0.64349,0.52073,0.44536,
1403638547177829632,2.09899,4.70763,0.75403,-0.33633,0.63893,0.52732,0.44786,
1403638547477829376,2.08884,5.03024,0.74296,-0.34244,0.64196,0.52296,0.44399,
1403638547677829632,2.06621,5.24612,0.71550,-0.34637,0.64647,0.51805,0.44014,
1403638547877829632,2.03816,5.46263,0.67042,-0.34099,0.64287,0.52081,0.44632,
1403638548077829632,2.00379,5.69654,0.63407,-0.34392,0.64230,0.52354,0.44167,
1403638548177829632,1.98306,5.82240,0.62802,-0.34837,0.63855,0.52897,0.43713,
1403638548277829376,1.96081,5.95067,0.63001,-0.35495,0.63224,0.53746,0.43061,
1403638548377829632,1.93727,6.07870,0.64157,-0.36265,0.62285,0.54893,0.42335,
1403638548477829376,1.91307,6.20416,0.66112,-0.37087,0.61325,0.55961,0.41620,
1403638548577829632,1.88953,6.32677,0.67902,-0.37747,0.60531,0.56756,0.41108,
1403638548677829632,1.86646,6.45215,0.69131,-0.38234,0.59980,0.57305,0.40702,
1403638548877829632,1.81813,6.71001,0.71344,-0.38636,0.59378,0.57974,0.40254,
1403638549077829632,1.76918,6.96773,0.76216,-0.38828,0.59245,0.58117,0.40061,
1403638549277829376,1.71848,7.22765,0.83288,-0.39013,0.59328,0.57925,0.40035,
1403638549477829376,1.66714,7.49582,0.91474,-0.39416,0.59626,0.57475,0.39847,
1403638549677829632,1.61715,7.76978,0.97838,-0.39679,0.59585,0.57147,0.40118,
1403638549877829632,1.57451,8.04112,1.04338,-0.39423,0.59753,0.57217,0.40019,
1403638550077829632,1.53504,8.32833,1.13831,-0.39421,0.59877,0.57197,0.39865,
1403638550277829376,1.50025,8.62532,1.26400,-0.39446,0.59884,0.57267,0.39729,
1403638550477829376,1.47153,8.92173,1.39549,-0.39726,0.59842,0.57152,0.39679,
1403638550577829632,1.45926,9.06928,1.44857,-0.40122,0.59905,0.56913,0.39529,
1403638550677829632,1.45065,9.21580,1.49543,-0.40617,0.59743,0.56572,0.39758,
1403638550777829376,1.44658,9.35770,1.53717,-0.40917,0.59665,0.56355,0.39875,
1403638550877829632,1.44520,9.49894,1.57686,-0.41504,0.59288,0.55930,0.40424,
1403638550977829376,1.44650,9.63572,1.61226,-0.42068,0.58869,0.55484,0.41063,
1403638551077829632,1.45019,9.76567,1.64379,-0.42432,0.58622,0.55196,0.41429,
1403638551277829376,1.46983,10.00870,1.71709,-0.42933,0.58843,0.54805,0.41117,
1403638551477829376,1.51161,10.22598,1.79743,-0.41711,0.60872,0.53569,0.41050,
1403638551577829632,1.54114,10.33202,1.83313,-0.41083,0.62386,0.51935,0.41509,
1403638551677829632,1.57908,10.43455,1.86294,-0.40397,0.64085,0.50085,0.41865,
1403638551777829376,1.62609,10.53228,1.88773,-0.39476,0.65500,0.48232,0.42721,
1403638551877829632,1.68165,10.62269,1.90749,-0.38464,0.66557,0.46674,0.43729,
1403638551977829376,1.74444,10.70537,1.92981,-0.37272,0.66894,0.45905,0.45040,
1403638552077829632,1.81230,10.77945,1.95965,-0.36316,0.67046,0.45403,0.46094,
1403638552177829632,1.88329,10.84749,1.99413,-0.35729,0.67534,0.45090,0.46146,
1403638552377829632,2.03585,10.96562,2.07099,-0.35511,0.68036,0.44706,0.45950,
1403638552477829376,2.11680,11.01496,2.10552,-0.36237,0.67667,0.44159,0.46454,
1403638552577829632,2.20088,11.05639,2.13418,-0.36790,0.67293,0.43818,0.46884,
1403638552777829376,2.37986,11.11567,2.17046,-0.36779,0.67002,0.44169,0.46980,
1403638552977829376,2.57132,11.14281,2.18713,-0.36127,0.66632,0.45173,0.47058,
1403638553177829632,2.76779,11.14574,2.18757,-0.36303,0.66020,0.45586,0.47385,
1403638553277829376,2.86635,11.13893,2.18786,-0.37028,0.65444,0.45269,0.47924,
1403638553377829632,2.96480,11.12374,2.19302,-0.37188,0.64923,0.45361,0.48419,
1403638553477829376,3.06333,11.09839,2.20390,-0.36836,0.64378,0.45725,0.49069,
1403638553577829632,3.15920,11.06179,2.22021,-0.36533,0.63945,0.46032,0.49573,
1403638553777829376,3.33689,10.94852,2.26872,-0.36128,0.63899,0.46448,0.49541,
1403638553977829376,3.49672,10.80099,2.33841,-0.35835,0.64385,0.46642,0.48938,
1403638554177829632,3.65041,10.63363,2.39664,-0.35207,0.65005,0.47110,0.48119,
1403638554277829376,3.72878,10.55227,2.42087,-0.34422,0.65594,0.47703,0.47297,
1403638554377829632,3.80225,10.46888,2.43990,-0.33831,0.65923,0.48166,0.46794,
1403638554577829632,3.93198,10.29247,2.46021,-0.33678,0.66153,0.48353,0.46385,
1403638554777829376,4.05858,10.12571,2.49034,-0.34760,0.66446,0.47650,0.45893,
1403638554977829376,4.18459,9.96450,2.53202,-0.35314,0.66540,0.47133,0.45867,
1403638555077829632,4.25126,9.88714,2.54956,-0.34952,0.66863,0.46706,0.46112,
1403638555177829632,4.32080,9.80473,2.55995,-0.34290,0.67470,0.46046,0.46388,
1403638555277829376,4.39118,9.72124,2.56416,-0.33685,0.68089,0.45241,0.46717,
1403638555377829632,4.46328,9.63741,2.56608,-0.32978,0.68407,0.44772,0.47206,
1403638555477829376,4.53684,9.55452,2.56136,-0.32398,0.68618,0.44467,0.47588,
1403638555577829632,4.60758,9.47166,2.55885,-0.32159,0.68753,0.44201,0.47802,
1403638555677829632,4.67623,9.38920,2.56434,-0.32093,0.68930,0.44034,0.47746,
1403638555877829632,4.82413,9.21389,2.59643,-0.31925,0.69053,0.44146,0.47578,
1403638556077829632,4.96251,9.04980,2.64847,-0.31638,0.68942,0.44447,0.47650,
1403638556177829632,5.02124,8.97234,2.66528,-0.31535,0.69386,0.44495,0.47024,
1403638556377829632,5.16365,8.82355,2.69190,-0.31263,0.69929,0.44673,0.46226,
1403638556477829376,5.23248,8.76078,2.70290,-0.31012,0.70248,0.44792,0.45795,
1403638556677829632,5.37685,8.64428,2.73004,-0.31708,0.70800,0.44137,0.45098,
1403638556777829376,5.46231,8.59756,2.74482,-0.32356,0.70492,0.43655,0.45587,
1403638556877829632,5.54681,8.54953,2.77006,-0.32934,0.70345,0.43222,0.45813,
1403638556977829376,5.62864,8.50204,2.80113,-0.33282,0.70201,0.42961,0.46026,
1403638557077829632,5.73498,8.45511,2.82253,-0.33144,0.70056,0.43108,0.46210,
1403638557177829632,5.83717,8.40662,2.83836,-0.32988,0.69898,0.43265,0.46413,
1403638557277829376,5.94172,8.35848,2.84652,-0.32881,0.69791,0.43380,0.46542,
1403638557377829632,6.05255,8.31025,2.84856,-0.32635,0.69668,0.43600,0.46694,
1403638557477829376,6.16070,8.26297,2.85889,-0.32089,0.69366,0.44050,0.47098,
1403638557577829632,6.27115,8.21589,2.87334,-0.31645,0.69124,0.44372,0.47451,
1403638557677829632,6.38496,8.16916,2.88932,-0.31402,0.69005,0.44562,0.47607,
1403638557777829376,6.49042,8.12226,2.91410,-0.31408,0.68971,0.44529,0.47683,
1403638557877829632,6.59728,8.07734,2.93148,-0.31122,0.68967,0.44667,0.47748,
1403638557977829376,6.70297,8.03286,2.94247,-0.30846,0.69090,0.44826,0.47599,
1403638558077829632,6.80793,7.99016,2.94817,-0.30748,0.69465,0.44900,0.47044,
1403638558177829632,6.91198,7.95019,2.94954,-0.30458,0.70045,0.45048,0.46224,
1403638558277829376,7.01584,7.91782,2.95437,-0.30101,0.70456,0.45217,0.45665,
1403638558377829632,7.12294,7.88853,2.97255,-0.29622,0.70591,0.45489,0.45499,
1403638558477829376,7.23130,7.86529,3.00802,-0.28981,0.70961,0.45848,0.44973,
1403638558677829632,7.44620,7.85599,3.06465,-0.29925,0.71291,0.45067,0.44621,
1403638558777829376,7.56350,7.86176,3.10495,-0.30710,0.71262,0.44455,0.44747,
1403638558877829632,7.67878,7.87502,3.13007,-0.30972,0.71138,0.44239,0.44979,
1403638558977829376,7.80312,7.88833,3.15745,-0.31155,0.70660,0.44119,0.45716,
1403638559077829632,7.92617,7.90740,3.17116,-0.31220,0.70216,0.44106,0.46365,
1403638559177829632,8.05072,7.92882,3.17896,-0.31253,0.69875,0.44150,0.46814,
1403638559277829376,8.17598,7.95168,3.18039,-0.31050,0.69592,0.44387,0.47145,
1403638559377829632,8.30065,7.97527,3.17709,-0.30691,0.69363,0.44714,0.47408,
1403638559477829376,8.42131,7.99995,3.16823,-0.30482,0.69131,0.44934,0.47672,
1403638559577829632,8.53899,8.02638,3.15474,-0.30377,0.68916,0.45087,0.47906,
1403638559777829376,8.76514,8.08260,3.12386,-0.30479,0.68725,0.45176,0.48032,
1403638559977829376,8.97858,8.14772,3.10877,-0.30496,0.69156,0.44508,0.48026,
1403638560077829632,9.08409,8.18147,3.09563,-0.29960,0.69936,0.43224,0.48405,
1403638560177829632,9.18830,8.21388,3.07541,-0.28988,0.70896,0.41417,0.49173,
1403638560277829376,9.29191,8.24527,3.05047,-0.27759,0.71966,0.39296,0.50061,
1403638560377829632,9.39370,8.27525,3.02403,-0.26638,0.72736,0.36866,0.51389,
1403638560477829376,9.49174,8.30302,2.99447,-0.25368,0.73528,0.34348,0.52634,
1403638560577829632,9.58542,8.32717,2.96072,-0.24237,0.74439,0.31656,0.53566,
1403638560677829632,9.67565,8.34740,2.92335,-0.23266,0.75478,0.28854,0.54122,
1403638560777829376,9.76319,8.36245,2.88908,-0.22543,0.76347,0.26296,0.54511,
1403638560877829632,9.84812,8.36892,2.86217,-0.21472,0.76983,0.24017,0.55098,
1403638560977829376,9.93204,8.36831,2.84237,-0.20245,0.77403,0.21925,0.55840,
1403638561077829632,10.01382,8.35976,2.83078,-0.19021,0.77649,0.19936,0.56669,
1403638561177829632,10.09208,8.34354,2.82518,-0.17931,0.77780,0.18173,0.57433,
1403638561277829376,10.16558,8.31984,2.82754,-0.17251,0.77802,0.16842,0.58014,
1403638561377829632,10.23334,8.28813,2.83233,-0.16356,0.78259,0.16368,0.57793,
1403638561477829376,10.29624,8.24928,2.83329,-0.15014,0.78844,0.16732,0.57255,
1403638561577829632,10.35616,8.20789,2.82872,-0.14059,0.79191,0.17201,0.56879,
1403638561777829376,10.46519,8.11902,2.80234,-0.13597,0.79367,0.17719,0.56586,
1403638561977829376,10.56500,8.02556,2.75560,-0.12837,0.79398,0.17352,0.56834,
1403638562077829632,10.61087,7.97740,2.73229,-0.12109,0.79576,0.16479,0.57004,
1403638562177829632,10.65112,7.92766,2.71587,-0.11355,0.79758,0.15510,0.57177,
1403638562277829376,10.69049,7.87982,2.70440,-0.10716,0.79858,0.14692,0.57376,
1403638562377829632,10.72648,7.83159,2.69951,-0.10122,0.79944,0.13508,0.57654,
1403638562477829376,10.75711,7.78236,2.69871,-0.09330,0.80172,0.11908,0.57824,
1403638562577829632,10.78621,7.73349,2.70541,-0.08370,0.80399,0.09899,0.58035,
1403638562677829632,10.81306,7.68373,2.71628,-0.07494,0.80674,0.07482,0.58134,
1403638562777829376,10.83727,7.63217,2.72869,-0.06609,0.80827,0.04858,0.58307,
1403638562877829632,10.85650,7.57713,2.73653,-0.05253,0.80939,0.02389,0.58443,
1403638562977829376,10.87127,7.51834,2.73874,-0.03801,0.81002,0.00121,0.58517,
1403638563077829632,10.88048,7.45706,2.73625,-0.02897,0.80977,-0.02288,0.58559,
1403638563177829632,10.88521,7.39078,2.72875,-0.01714,0.80951,-0.04252,0.58531,
1403638563277829376,10.88532,7.32021,2.71671,-0.00569,0.80633,-0.05621,0.58876,
1403638563377829632,10.88067,7.24553,2.70056,0.00083,0.79856,-0.06568,0.59832,
1403638563477829376,10.87152,7.16610,2.67894,0.00195,0.79253,-0.07239,0.60551,
1403638563577829632,10.85590,7.08115,2.65673,0.00735,0.79319,-0.07187,0.60467,
1403638563677829632,10.83245,6.99201,2.64048,0.00736,0.79675,-0.07182,0.59997,
1403638563877829632,10.76668,6.79987,2.63025,0.00108,0.79873,-0.07110,0.59747,
1403638564177829632,10.62398,6.47385,2.63641,-0.00876,0.79844,-0.06232,0.59877,
1403638564377829632,10.50059,6.23016,2.63293,-0.00815,0.79558,-0.05160,0.60359,
1403638564577829632,10.34889,5.97356,2.65501,-0.01025,0.79620,-0.04674,0.60313,
1403638564777829376,10.16827,5.70312,2.67244,-0.01915,0.79857,-0.05262,0.59929,
1403638564877829632,10.07020,5.56088,2.67222,-0.02130,0.79811,-0.05511,0.59961,
1403638564977829376,9.96591,5.41266,2.65390,-0.02311,0.79761,-0.05687,0.60004,
1403638565077829632,9.85624,5.25970,2.61871,-0.02425,0.79801,-0.05761,0.59940,
1403638565177829632,9.74445,5.09980,2.56822,-0.02468,0.79878,-0.05779,0.59833,
1403638565277829376,9.62933,4.93320,2.51156,-0.02304,0.79976,-0.05697,0.59717,
1403638565377829632,9.51174,4.76184,2.45184,-0.02031,0.80080,-0.05565,0.59600,
1403638565477829376,9.39115,4.58867,2.39197,-0.01729,0.80015,-0.05469,0.59704,
1403638565577829632,9.26732,4.40942,2.33795,-0.01067,0.79803,-0.05237,0.60024,
1403638565677829632,9.13843,4.22928,2.29251,0.00117,0.79775,-0.04635,0.60121,
1403638565777829376,9.00534,4.04803,2.25404,0.01023,0.80043,-0.04193,0.59787,
1403638565877829632,8.86576,3.86964,2.22307,0.01750,0.80258,-0.03861,0.59504,
1403638565977829376,8.72195,3.69327,2.19563,0.01996,0.80436,-0.03914,0.59251,
1403638566077829632,8.57642,3.52124,2.16221,0.02151,0.80536,-0.03949,0.59108,
1403638566177829632,8.42994,3.35273,2.12001,0.01943,0.80552,-0.04085,0.59084,
1403638566277829376,8.28284,3.18643,2.06905,0.01996,0.80514,-0.03995,0.59140,
1403638566377829632,8.13486,3.02397,2.00945,0.02016,0.80613,-0.03888,0.59012,
1403638566477829376,7.98831,2.86626,1.94385,0.01679,0.80638,-0.03959,0.58983,
1403638566577829632,7.84248,2.71266,1.87293,0.01609,0.80953,-0.03782,0.58564,
1403638566677829632,7.69763,2.56331,1.79455,0.01529,0.81882,-0.03602,0.57272,
1403638566777829376,7.55806,2.41723,1.71163,0.01454,0.83048,-0.03420,0.55580,
1403638566877829632,7.42657,2.27472,1.62574,0.01288,0.83850,-0.03296,0.54376,
1403638566977829376,7.30335,2.13622,1.53743,0.01288,0.84241,-0.03010,0.53784,
1403638567077829632,7.18902,1.99889,1.45100,0.01257,0.83432,-0.02853,0.55040,
1403638567177829632,7.08192,1.86405,1.36217,0.01448,0.82199,-0.02633,0.56871,
1403638567277829376,6.97935,1.73397,1.26885,0.01753,0.81334,-0.02446,0.58101,
1403638567377829632,6.87426,1.60447,1.17027,0.02033,0.81143,-0.02375,0.58362,
1403638567477829376,6.76762,1.47857,1.07595,0.02217,0.81222,-0.02455,0.58242,
1403638567577829632,6.65808,1.35399,0.98843,0.02344,0.81572,-0.02614,0.57738,
1403638567677829632,6.54884,1.23354,0.91048,0.02675,0.81897,-0.02654,0.57260,
1403638567777829376,6.44450,1.11935,0.84216,0.02876,0.82224,-0.02700,0.56777,
1403638567877829632,6.34790,1.01261,0.78256,0.02798,0.82568,-0.02919,0.56269,
1403638567977829376,6.25862,0.91135,0.73026,0.02796,0.82662,-0.03017,0.56125,
1403638568077829632,6.17373,0.81393,0.68612,0.03099,0.82646,-0.02836,0.56142,
1403638568177829632,6.09240,0.72033,0.65035,0.03299,0.82573,-0.02703,0.56245,
1403638568377829632,5.93934,0.54803,0.59164,0.03416,0.82600,-0.02773,0.56195,
1403638568577829632,5.80014,0.39151,0.51888,0.03557,0.82816,-0.02699,0.55871,
1403638568677829632,5.73610,0.32204,0.48075,0.03688,0.82991,-0.02557,0.55609,
1403638568877829632,5.62619,0.20201,0.41591,0.03468,0.83053,-0.02730,0.55522,
1403638569077829632,5.53453,0.09696,0.38318,0.03811,0.82971,-0.02457,0.55635,
1403638569277829376,5.45924,0.01210,0.37096,0.04074,0.83171,-0.02350,0.55321,
1403638569677829632,5.37169,-0.09351,0.31192,0.04186,0.82779,-0.02337,0.55899,
1403638570277829376,5.35955,-0.07913,0.28929,0.02758,0.82333,-0.03142,0.56602,
1403638570477829376,5.36615,-0.07701,0.26052,0.01702,0.82252,-0.05431,0.56589,
1403638570577829632,5.36607,-0.06181,0.22788,0.01005,0.81981,-0.08144,0.56672,
1403638570677829632,5.36765,-0.06369,0.19504,0.01091,0.81453,-0.11068,0.56936,
1403638570777829376,5.36797,-0.07558,0.16002,0.01823,0.80334,-0.13826,0.57896,
1403638570877829632,5.36223,-0.09939,0.12377,0.03088,0.79157,-0.16265,0.58822,
1403638570977829376,5.35018,-0.13066,0.08219,0.04635,0.78331,-0.18399,0.59197,
1403638571077829632,5.32964,-0.17346,0.03724,0.06315,0.78046,-0.20303,0.58794,
1403638571177829632,5.30006,-0.22465,-0.00469,0.08453,0.78301,-0.21532,0.57740,
1403638571277829376,5.25435,-0.28731,-0.03228,0.10466,0.78415,-0.22181,0.57005,
1403638571377829632,5.21675,-0.34068,-0.06133,0.11724,0.78342,-0.22717,0.56648,
1403638571477829376,5.16986,-0.40738,-0.07637,0.12312,0.78057,-0.23184,0.56728,
1403638571577829632,5.11835,-0.48146,-0.08153,0.12996,0.77815,-0.23597,0.56738,
1403638571677829632,5.06291,-0.55388,-0.09504,0.13610,0.77778,-0.24530,0.56246,
1403638571777829376,5.00501,-0.62906,-0.11438,0.14413,0.77713,-0.25866,0.55533,
1403638571877829632,4.94393,-0.70843,-0.13621,0.15143,0.77402,-0.27629,0.54920,
1403638571977829376,4.88052,-0.79142,-0.15492,0.15920,0.76784,-0.29618,0.54530,
1403638572077829632,4.81409,-0.87792,-0.16593,0.16836,0.76080,-0.31527,0.54170,
1403638572177829632,4.74359,-0.96826,-0.16748,0.18414,0.75386,-0.33031,0.53730,
1403638572277829376,4.66983,-1.06115,-0.16460,0.19829,0.74941,-0.34682,0.52799,
1403638572377829632,4.59493,-1.15735,-0.16440,0.21145,0.74443,-0.36506,0.51753,
1403638572477829376,4.51985,-1.25753,-0.16730,0.22543,0.74034,-0.37806,0.50808,
1403638572577829632,4.44654,-1.36056,-0.17182,0.23634,0.73645,-0.38663,0.50229,
1403638572677829632,4.37491,-1.46733,-0.17469,0.24219,0.73461,-0.39198,0.49804,
1403638572777829376,4.30630,-1.57854,-0.17020,0.24999,0.73597,-0.39172,0.49235,
1403638572877829632,4.24123,-1.69301,-0.15715,0.25356,0.73839,-0.39099,0.48746,
1403638572977829376,4.18072,-1.81118,-0.13951,0.25413,0.74055,-0.38992,0.48474,
1403638573177829632,4.07189,-2.05258,-0.11766,0.25157,0.74422,-0.38738,0.48247,
1403638573377829632,3.98198,-2.30556,-0.10462,0.24905,0.74644,-0.38442,0.48274,
1403638573477829376,3.94221,-2.43706,-0.09549,0.25207,0.74654,-0.38449,0.48094,
1403638573577829632,3.90954,-2.57192,-0.07652,0.25375,0.74645,-0.38472,0.48001,
1403638573677829632,3.88253,-2.70872,-0.05032,0.25657,0.74679,-0.38526,0.47754,
1403638573777829376,3.86264,-2.84705,-0.02056,0.26341,0.74318,-0.38864,0.47672,
1403638573877829632,3.84822,-2.98727,0.00830,0.27696,0.73290,-0.39417,0.48040,
1403638573977829376,3.84023,-3.12649,0.03142,0.28865,0.71746,-0.40766,0.48554,
1403638574077829632,3.83494,-3.26206,0.04734,0.29435,0.69715,-0.42919,0.49309,
1403638574177829632,3.83006,-3.39408,0.05764,0.30030,0.67493,-0.45318,0.49892,
1403638574277829376,3.81998,-3.52315,0.06392,0.30963,0.65626,-0.47539,0.49745,
1403638574377829632,3.80409,-3.64920,0.06568,0.32206,0.64295,-0.49524,0.48747,
1403638574477829376,3.78356,-3.77144,0.06381,0.33563,0.63132,-0.51323,0.47474,
1403638574577829632,3.75813,-3.89054,0.06547,0.34612,0.62066,-0.52735,0.46571,
1403638574677829632,3.72797,-4.00869,0.07483,0.35803,0.61430,-0.53437,0.45706,
1403638574777829376,3.69527,-4.12398,0.09149,0.36885,0.61413,-0.53682,0.44567,
1403638574877829632,3.66198,-4.23458,0.11014,0.37024,0.61620,-0.54113,0.43635,
1403638574977829376,3.62968,-4.34326,0.12335,0.36886,0.61859,-0.54432,0.43011,
1403638575177829632,3.56323,-4.55660,0.13365,0.35532,0.61470,-0.55283,0.43620,
1403638575377829632,3.48708,-4.77418,0.12724,0.34863,0.61685,-0.55357,0.43762,
1403638575477829376,3.44377,-4.88862,0.11763,0.34674,0.62239,-0.55183,0.43345,
1403638575577829632,3.39815,-5.00518,0.10798,0.34581,0.62749,-0.54923,0.43014,
1403638575677829632,3.35073,-5.12748,0.10526,0.34926,0.63390,-0.54387,0.42472,
1403638575777829376,3.30361,-5.25114,0.11072,0.35028,0.64050,-0.54075,0.41792,
1403638575877829632,3.25953,-5.37876,0.12527,0.35022,0.64476,-0.53858,0.41420,
1403638575977829376,3.21919,-5.51230,0.14980,0.34968,0.64515,-0.53775,0.41511,
1403638576077829632,3.18168,-5.65051,0.18171,0.35030,0.64580,-0.53631,0.41546,
1403638576177829632,3.14744,-5.79315,0.21847,0.35107,0.64425,-0.53587,0.41778,
1403638576277829376,3.11638,-5.94043,0.25169,0.35508,0.64481,-0.53329,0.41683,
1403638576377829632,3.08900,-6.09133,0.27956,0.35965,0.64635,-0.53028,0.41435,
1403638576477829376,3.06609,-6.24608,0.30119,0.36345,0.64898,-0.52771,0.41019,
1403638576577829632,3.04929,-6.40226,0.31771,0.36800,0.65309,-0.52473,0.40338,
1403638576677829632,3.04050,-6.56085,0.33025,0.37113,0.65458,-0.52249,0.40098,
1403638576777829376,3.04034,-6.72265,0.33905,0.37596,0.65224,-0.51879,0.40509,
1403638576877829632,3.04761,-6.88500,0.34261,0.37858,0.64727,-0.51703,0.41280,
1403638576977829376,3.06226,-7.04656,0.34135,0.37648,0.64093,-0.51884,0.42223,
1403638577077829632,3.08222,-7.20548,0.33911,0.37213,0.63718,-0.52223,0.42755,
1403638577177829632,3.10530,-7.36172,0.34402,0.36922,0.63442,-0.52433,0.43158,
1403638577277829376,3.13098,-7.51700,0.35542,0.36953,0.63498,-0.52404,0.43085,
1403638577377829632,3.15910,-7.67217,0.37559,0.37615,0.63920,-0.51907,0.42485,
1403638577477829376,3.19163,-7.82435,0.40091,0.38051,0.64166,-0.51577,0.42126,
1403638577577829632,3.23021,-7.97444,0.42312,0.37758,0.64166,-0.51752,0.42175,
1403638577677829632,3.27307,-8.12207,0.43870,0.37419,0.64064,-0.51963,0.42373,
1403638577877829632,3.37022,-8.41079,0.45008,0.37112,0.64037,-0.52091,0.42526,
1403638577977829376,3.42392,-8.55296,0.45011,0.37187,0.64093,-0.51949,0.42550,
1403638578077829632,3.48203,-8.69482,0.45600,0.37077,0.64016,-0.51944,0.42767,
1403638578177829632,3.54403,-8.83557,0.46960,0.36608,0.63722,-0.52189,0.43310,
1403638578277829376,3.60755,-8.97718,0.48928,0.35751,0.63241,-0.52743,0.44051,
1403638578377829632,3.66975,-9.11758,0.50845,0.35543,0.63008,-0.52906,0.44357,
1403638578577829632,3.78827,-9.39551,0.52793,0.35553,0.62918,-0.53013,0.44349,
1403638578777829376,3.90006,-9.66561,0.53075,0.36336,0.63158,-0.52559,0.43913,
1403638578977829376,4.01108,-9.92438,0.52270,0.37094,0.63573,-0.51978,0.43368,
1403638579177829632,4.13299,-10.18014,0.54023,0.37193,0.63649,-0.51787,0.43401,
1403638579377829632,4.26520,-10.42150,0.58014,0.36404,0.63235,-0.52267,0.44094,
1403638579477829376,4.33110,-10.53535,0.59531,0.35834,0.62807,-0.52655,0.44706,
1403638579577829632,4.39593,-10.64899,0.60486,0.35707,0.62556,-0.52384,0.45471,
1403638579677829632,4.45731,-10.76067,0.61021,0.35908,0.62620,-0.51169,0.46595,
1403638579777829376,4.51744,-10.86759,0.60955,0.35741,0.63670,-0.49267,0.47344,
1403638579877829632,4.57656,-10.96743,0.60189,0.34672,0.65675,-0.47143,0.47562,
1403638579977829376,4.63743,-11.06312,0.58973,0.32958,0.67683,-0.44639,0.48374,
1403638580077829632,4.69883,-11.15313,0.57578,0.31506,0.69135,-0.41195,0.50307,
1403638580177829632,4.75716,-11.23192,0.55904,0.29501,0.70562,-0.37504,0.52385,
1403638580277829376,4.81505,-11.30529,0.53716,0.26848,0.72260,-0.34025,0.53851,
1403638580377829632,4.86967,-11.37125,0.50962,0.23812,0.73881,-0.31401,0.54668,
1403638580477829376,4.91915,-11.43355,0.47889,0.21193,0.75041,-0.29760,0.55082,
1403638580577829632,4.96424,-11.49394,0.44669,0.19436,0.75772,-0.28430,0.55431,
1403638580677829632,5.00596,-11.55231,0.41422,0.17900,0.76781,-0.26974,0.55287,
1403638580777829376,5.04477,-11.60983,0.38860,0.16864,0.77794,-0.25480,0.54904,
1403638580877829632,5.07978,-11.66541,0.37159,0.16389,0.78486,-0.24399,0.54553,
1403638581177829632,5.17501,-11.81759,0.37981,0.15934,0.78729,-0.23708,0.54642,
1403638581377829632,5.23236,-11.90493,0.40969,0.16687,0.78613,-0.23805,0.54542,
1403638581577829632,5.28312,-11.97183,0.45483,0.17291,0.78342,-0.24192,0.54574,
1403638581677829632,5.30841,-11.99415,0.48464,0.17838,0.77921,-0.24215,0.54989,
1403638581877829632,5.36342,-12.04911,0.51242,0.18349,0.77261,-0.24379,0.55675,
1403638581977829376,5.39205,-12.07308,0.52130,0.18750,0.76504,-0.24234,0.56642,
1403638582177829632,5.44306,-12.11513,0.53803,0.18221,0.77423,-0.24739,0.55332,
1403638582477829376,5.51786,-12.15647,0.64001,0.18733,0.77282,-0.24365,0.55524,
1403638582877829632,5.60631,-12.15444,0.90081,0.18694,0.77615,-0.24525,0.55000,
1403638583477829376,5.73776,-12.05943,1.18944,0.18427,0.78334,-0.25027,0.53832,
1403638583777829376,5.83319,-11.99361,1.32429,0.18591,0.78331,-0.24900,0.53840,
1403638584077829632,5.93815,-11.89766,1.42001,0.19008,0.77904,-0.24600,0.54448,
1403638584177829632,5.97768,-11.85932,1.43048,0.19429,0.77009,-0.24255,0.55712,
1403638584277829376,6.00800,-11.81472,1.43464,0.19652,0.76105,-0.24023,0.56963,
1403638584577829632,6.07274,-11.65326,1.44292,0.19851,0.75844,-0.23832,0.57321,
1403638584777829376,6.08619,-11.51403,1.45336,0.19243,0.76707,-0.24181,0.56223,
1403638584877829632,6.07716,-11.43596,1.44435,0.18593,0.77472,-0.24628,0.55190,
1403638585077829632,6.06358,-11.28042,1.44077,0.18341,0.77957,-0.24862,0.54481,
1403638585277829376,6.05652,-11.12832,1.42375,0.18186,0.77754,-0.24931,0.54790,
1403638585477829376,6.04738,-10.97954,1.39913,0.18196,0.77578,-0.24857,0.55069,
1403638585677829632,6.05036,-10.82276,1.40130,0.18087,0.78020,-0.24863,0.54475,
1403638585777829376,6.04830,-10.74349,1.41522,0.17765,0.78518,-0.25071,0.53767,
1403638585977829376,6.06425,-10.58596,1.47022,0.17339,0.78888,-0.25469,0.53172,
1403638586077829632,6.07114,-10.50741,1.50276,0.17540,0.78465,-0.25401,0.53762,
1403638586277829376,6.09540,-10.35146,1.55001,0.17962,0.77915,-0.25242,0.54493,
1403638586477829376,6.11509,-10.19743,1.57596,0.19347,0.77435,-0.24380,0.55092,
1403638586677829632,6.13507,-10.03477,1.57812,0.19284,0.77446,-0.24479,0.55055,
1403638586877829632,6.15216,-9.86703,1.55539,0.18650,0.77298,-0.24834,0.55322,
1403638587077829632,6.16658,-9.69250,1.51539,0.18595,0.77251,-0.24853,0.55397,
1403638587277829376,6.17824,-9.51081,1.49094,0.18473,0.77539,-0.24857,0.55032,
1403638587477829376,6.18786,-9.32012,1.49215,0.18233,0.77704,-0.25064,0.54786,
1403638587677829632,6.19881,-9.13119,1.48315,0.18130,0.77667,-0.25208,0.54807,
1403638587877829632,6.21085,-8.94390,1.45619,0.18041,0.77591,-0.25330,0.54887,
1403638588077829632,6.21822,-8.76147,1.41136,0.18122,0.77505,-0.25255,0.55016,
1403638588277829376,6.22548,-8.57996,1.35690,0.19059,0.77667,-0.24566,0.54782,
1403638588477829376,6.23528,-8.38771,1.32345,0.18946,0.77697,-0.24593,0.54767,
1403638588677829632,6.24443,-8.18515,1.32383,0.18470,0.77548,-0.24888,0.55007,
1403638588877829632,6.25158,-7.98132,1.33865,0.18066,0.77346,-0.25252,0.55258,
1403638589077829632,6.25351,-7.77621,1.32825,0.18137,0.77365,-0.25306,0.55185,
1403638589277829376,6.25424,-7.57045,1.29460,0.18268,0.77243,-0.25246,0.55339,
1403638589477829376,6.25373,-7.36573,1.25966,0.18252,0.77315,-0.25289,0.55224,
1403638589677829632,6.24701,-7.16532,1.25274,0.18133,0.77376,-0.25327,0.55160,
1403638589877829632,6.23576,-6.96854,1.26934,0.18155,0.77588,-0.25462,0.54792,
1403638590077829632,6.21928,-6.77376,1.27003,0.18138,0.77586,-0.25584,0.54744,
1403638590277829376,6.20214,-6.58063,1.25242,0.18156,0.77408,-0.25671,0.54948,
1403638590477829376,6.18288,-6.38678,1.21759,0.18170,0.77500,-0.25735,0.54784,
1403638590677829632,6.16169,-6.19566,1.18962,0.17865,0.77781,-0.25900,0.54407,
1403638590877829632,6.14083,-6.00948,1.19298,0.17798,0.77947,-0.25941,0.54171,
1403638591077829632,6.12333,-5.81918,1.21948,0.17536,0.78092,-0.26180,0.53933,
1403638591177829632,6.11264,-5.72186,1.22723,0.17450,0.78508,-0.26299,0.53295,
1403638591277829376,6.10603,-5.63466,1.22981,0.17201,0.79093,-0.26520,0.52393,
1403638591377829632,6.10403,-5.55404,1.22749,0.16869,0.79524,-0.26774,0.51716,
1403638591477829376,6.10854,-5.48053,1.21984,0.16595,0.79800,-0.26985,0.51268,
1403638591677829632,6.13489,-5.35858,1.19038,0.16168,0.80108,-0.27318,0.50745,
1403638591877829632,6.18952,-5.28056,1.15841,0.16412,0.79702,-0.27120,0.51408,
1403638592077829632,6.26493,-5.23499,1.15173,0.16502,0.79192,-0.26924,0.52262,
1403638592177829632,6.31109,-5.22553,1.16205,0.16288,0.78917,-0.26728,0.52844,
1403638592277829376,6.36001,-5.21373,1.18622,0.15785,0.78370,-0.26200,0.54061,
1403638592377829632,6.40882,-5.20198,1.21720,0.14888,0.78113,-0.25317,0.55098,
1403638592477829376,6.45469,-5.19361,1.25507,0.13712,0.78361,-0.23931,0.55668,
1403638592577829632,6.49650,-5.18952,1.29908,0.12931,0.79097,-0.22507,0.55407,
1403638592677829632,6.53579,-5.18960,1.34929,0.12274,0.79842,-0.21377,0.54933,
1403638592777829376,6.57444,-5.19354,1.39818,0.11759,0.80549,-0.20616,0.54301,
1403638592977829376,6.65755,-5.21178,1.47866,0.11281,0.81305,-0.19785,0.53580,
1403638593177829632,6.75329,-5.24725,1.54519,0.11189,0.81211,-0.19555,0.53826,
1403638593277829376,6.80550,-5.27162,1.58635,0.11869,0.80881,-0.19172,0.54312,
1403638593377829632,6.85915,-5.29815,1.63274,0.12766,0.80543,-0.18650,0.54790,
1403638593477829376,6.91408,-5.32457,1.67734,0.13585,0.80083,-0.18246,0.55400,
1403638593577829632,6.96968,-5.34779,1.71545,0.14044,0.79799,-0.18109,0.55740,
1403638593777829376,7.08370,-5.38390,1.76914,0.14442,0.79345,-0.18102,0.56286,
1403638593877829632,7.13941,-5.39510,1.79573,0.14019,0.78301,-0.18106,0.57833,
1403638593977829376,7.19047,-5.40234,1.82557,0.13362,0.77963,-0.17791,0.58538,
1403638594077829632,7.23606,-5.40639,1.85877,0.12535,0.78522,-0.17586,0.58033,
1403638594277829376,7.30949,-5.40559,1.93005,0.12364,0.79377,-0.16654,0.57176,
1403638594477829376,7.36756,-5.39408,1.99824,0.12990,0.79147,-0.15621,0.57645,
1403638594677829632,7.40658,-5.36391,2.08685,0.11877,0.79230,-0.16133,0.57631,
1403638595177829632,7.46341,-5.26191,2.23884,0.11522,0.79651,-0.16870,0.56906,
1403638595877829632,7.46600,-5.08949,2.27171,0.12404,0.79912,-0.16443,0.56479,
1403638596177829632,7.45315,-4.99621,2.22464,0.14524,0.80103,-0.15020,0.56098,
1403638596377829632,7.44872,-4.90579,2.20657,0.16629,0.80299,-0.13390,0.55644,
1403638596577829632,7.45742,-4.77173,2.22359,0.17858,0.80349,-0.12357,0.55430,
1403638596777829376,7.48729,-4.58074,2.27265,0.19011,0.80392,-0.11419,0.55184,
1403638596877829632,7.50951,-4.46181,2.30894,0.19365,0.80332,-0.11118,0.55211,
1403638596977829376,7.53709,-4.32737,2.34655,0.19539,0.80207,-0.11028,0.55349,
1403638597077829632,7.56822,-4.17608,2.37761,0.19818,0.80119,-0.10911,0.55400,
1403638597177829632,7.60409,-4.01069,2.40178,0.20047,0.79938,-0.10871,0.55587,
1403638597277829376,7.64444,-3.82722,2.42205,0.19805,0.79674,-0.11178,0.55990,
1403638597377829632,7.68585,-3.62845,2.43574,0.19328,0.79502,-0.11672,0.56299,
1403638597477829376,7.72808,-3.41474,2.44446,0.18464,0.79178,-0.12371,0.56894,
1403638597577829632,7.76982,-3.18903,2.44823,0.17187,0.78718,-0.13323,0.57711,
1403638597677829632,7.81007,-2.95566,2.44776,0.16744,0.78488,-0.13726,0.58059,
1403638597777829376,7.84748,-2.71559,2.44145,0.17160,0.78667,-0.13213,0.57813,
1403638597877829632,7.88330,-2.46715,2.43062,0.17576,0.78931,-0.12077,0.57578,
1403638597977829376,7.91698,-2.20895,2.41700,0.17685,0.79098,-0.11159,0.57500,
1403638598077829632,7.95213,-1.93919,2.40834,0.16999,0.79122,-0.10908,0.57722,
1403638598177829632,7.98492,-1.65787,2.40640,0.14836,0.79279,-0.11830,0.57921,
1403638598277829376,8.01450,-1.37043,2.40862,0.13090,0.79474,-0.12676,0.57896,
1403638598377829632,8.04243,-1.08237,2.40840,0.11998,0.79656,-0.13208,0.57762,
1403638598477829376,8.06842,-0.79600,2.40196,0.11573,0.79888,-0.13385,0.57488,
1403638598577829632,8.09145,-0.51100,2.38861,0.11075,0.80090,-0.13183,0.57352,
1403638598677829632,8.11263,-0.22830,2.36873,0.10634,0.80325,-0.12326,0.57297,
1403638598777829376,8.13213,0.05147,2.34969,0.09783,0.80550,-0.11237,0.57356,
1403638598877829632,8.15000,0.32866,2.33683,0.08851,0.80660,-0.09787,0.57618,
1403638598977829376,8.16478,0.60248,2.32686,0.07847,0.80916,-0.08141,0.57660,
1403638599077829632,8.17866,0.87421,2.32201,0.06628,0.81066,-0.06466,0.57815,
1403638599177829632,8.18880,1.14378,2.32408,0.05416,0.81204,-0.04690,0.57919,
1403638599277829376,8.19551,1.41171,2.33082,0.04310,0.81404,-0.02777,0.57854,
1403638599377829632,8.19866,1.67886,2.34539,0.03056,0.81727,-0.01036,0.57536,
1403638599477829376,8.20050,1.94466,2.36526,0.02147,0.81940,0.00307,0.57281,
1403638599577829632,8.20210,2.20984,2.38282,0.01601,0.82169,0.01165,0.56959,
1403638599677829632,8.20293,2.47352,2.39175,0.01242,0.82314,0.01632,0.56747,
1403638599777829376,8.20518,2.73509,2.39292,0.01119,0.82325,0.01743,0.56730,
1403638599877829632,8.21102,2.99524,2.38717,0.00932,0.82456,0.01502,0.56550,
1403638599977829376,8.21938,3.25349,2.37685,0.00560,0.82477,0.00944,0.56536,
1403638600077829632,8.23204,3.50802,2.36302,-0.00077,0.82593,0.00168,0.56377,
1403638600177829632,8.24806,3.75784,2.34567,-0.01279,0.82767,-0.01007,0.56097,
1403638600277829376,8.26550,4.00007,2.32348,-0.02269,0.82980,-0.02071,0.55722,
1403638600377829632,8.28802,4.23195,2.30161,-0.03020,0.83125,-0.02930,0.55430,
1403638600477829376,8.31483,4.45105,2.28481,-0.03634,0.83245,-0.03578,0.55175,
1403638600577829632,8.34494,4.65530,2.27863,-0.03424,0.83301,-0.03643,0.55099,
1403638600677829632,8.37848,4.84513,2.27992,-0.03704,0.83449,-0.03944,0.54836,
1403638600777829376,8.41819,5.02067,2.28779,-0.03669,0.83821,-0.03928,0.54270,
1403638600877829632,8.46416,5.17948,2.30093,-0.02576,0.84202,-0.03042,0.53798,
1403638600977829376,8.51722,5.32458,2.31261,-0.00908,0.84416,-0.01683,0.53574,
1403638601077829632,8.57789,5.46304,2.31844,0.00002,0.84460,-0.00875,0.53533,
1403638601177829632,8.64795,5.59171,2.31927,0.00776,0.84329,-0.00221,0.53740,
1403638601277829376,8.72321,5.72507,2.31596,0.01716,0.83688,0.00535,0.54709,
1403638601377829632,8.80319,5.86100,2.31063,0.01441,0.83181,0.00921,0.55480,
1403638601477829376,8.88829,5.99755,2.31112,0.00132,0.82740,0.01389,0.56144,
1403638601577829632,8.97342,6.13507,2.31810,-0.00953,0.82258,0.02820,0.56786,
1403638601677829632,9.05920,6.27154,2.33037,-0.02076,0.81998,0.04834,0.56997,
1403638601777829376,9.14312,6.40683,2.35024,-0.03343,0.81706,0.07387,0.57082,
1403638601877829632,9.22345,6.54505,2.37774,-0.04731,0.81200,0.10297,0.57255,
1403638601977829376,9.30133,6.68323,2.40600,-0.06216,0.80881,0.12643,0.57094,
1403638602077829632,9.37637,6.82223,2.42849,-0.07366,0.80713,0.14342,0.56793,
1403638602177829632,9.44827,6.96184,2.44555,-0.07958,0.80241,0.15909,0.56965,
1403638602277829376,9.51732,7.10439,2.45690,-0.08718,0.79539,0.17655,0.57322,
1403638602377829632,9.58060,7.25063,2.46810,-0.10966,0.78434,0.18905,0.58056,
1403638602477829376,9.63575,7.39780,2.49005,-0.14457,0.76235,0.19539,0.59979,
1403638602577829632,9.67877,7.53845,2.52015,-0.17977,0.74075,0.20025,0.61553,
1403638602677829632,9.70681,7.66562,2.55475,-0.20038,0.73050,0.21359,0.61693,
1403638602777829376,9.71859,7.77560,2.59433,-0.21130,0.72618,0.23318,0.61127,
1403638602877829632,9.71375,7.86891,2.63800,-0.22227,0.72283,0.25274,0.60353,
1403638602977829376,9.69552,7.94913,2.68334,-0.24171,0.72303,0.26801,0.58905,
1403638603077829632,9.66883,8.01703,2.72577,-0.26034,0.71812,0.28257,0.58024,
1403638603177829632,9.63576,8.07114,2.76215,-0.27237,0.71089,0.29679,0.57651,
1403638603277829376,9.59627,8.10999,2.78648,-0.27048,0.71832,0.31383,0.55890,
1403638603377829632,9.55335,8.13788,2.80246,-0.26358,0.73113,0.32812,0.53695,
1403638603477829376,9.50848,8.15887,2.81258,-0.25998,0.73955,0.33513,0.52265,
1403638603677829632,9.42072,8.19352,2.82245,-0.26337,0.72969,0.34173,0.53049,
1403638603777829376,9.37382,8.20610,2.82090,-0.25681,0.72117,0.34770,0.54135,
1403638603977829376,9.26462,8.21433,2.79344,-0.24517,0.70669,0.35544,0.56048,
1403638604177829632,9.11938,8.20965,2.75424,-0.23811,0.70258,0.35901,0.56639,
1403638604277829376,9.02927,8.20266,2.74614,-0.24443,0.70657,0.35519,0.56111,
1403638604377829632,8.92966,8.18944,2.74389,-0.24995,0.71420,0.35217,0.55084,
1403638604477829376,8.82489,8.17235,2.74788,-0.24786,0.72202,0.35382,0.54042,
1403638604577829632,8.71705,8.15366,2.75676,-0.24592,0.72664,0.35515,0.53421,
1403638604677829632,8.60844,8.13419,2.76044,-0.24858,0.72988,0.35358,0.52959,
1403638604777829376,8.49765,8.11351,2.75852,-0.25270,0.73188,0.35088,0.52666,
1403638604877829632,8.38722,8.09052,2.75658,-0.25367,0.73512,0.35015,0.52215,
1403638604977829376,8.27771,8.06460,2.75819,-0.25114,0.74114,0.35182,0.51367,
1403638605077829632,8.17217,8.03554,2.77059,-0.24849,0.74759,0.35370,0.50424,
1403638605177829632,8.06439,8.01407,2.78194,-0.24583,0.75160,0.35557,0.49823,
1403638605377829632,7.87193,7.98306,2.81621,-0.23570,0.74783,0.36239,0.50386,
1403638605477829376,7.78007,7.97239,2.82800,-0.22834,0.73781,0.36780,0.51791,
1403638605577829632,7.68088,7.97218,2.81712,-0.22271,0.72950,0.37195,0.52903,
1403638605777829376,7.48695,7.97479,2.82975,-0.21658,0.72286,0.37633,0.53753,
1403638605977829376,7.26603,7.99971,2.86263,-0.20970,0.72214,0.37987,0.53874,
1403638606177829632,7.01906,8.05381,2.88767,-0.20362,0.72210,0.38218,0.53949,
1403638606277829376,6.88370,8.08724,2.88879,-0.20153,0.72330,0.38262,0.53835,
1403638606377829632,6.74266,8.12674,2.88366,-0.20709,0.73182,0.37789,0.52796,
1403638606477829376,6.59424,8.17175,2.87445,-0.21525,0.74205,0.37130,0.51494,
1403638606577829632,6.45195,8.22321,2.85288,-0.22222,0.75062,0.36669,0.50272,
1403638606677829632,6.30726,8.28057,2.83300,-0.22772,0.75376,0.36881,0.49394,
1403638606777829376,6.17185,8.34382,2.80304,-0.23261,0.75364,0.37799,0.48481,
1403638606877829632,6.03842,8.41330,2.77352,-0.24124,0.74996,0.39064,0.47620,
1403638606977829376,5.91380,8.49247,2.74867,-0.25224,0.74268,0.40610,0.46891,
1403638607077829632,5.80417,8.57918,2.73135,-0.26625,0.73393,0.42042,0.46228,
1403638607177829632,5.67908,8.67194,2.72709,-0.28264,0.72424,0.42732,0.46151,
1403638607277829376,5.57164,8.76554,2.72299,-0.29640,0.71071,0.43160,0.46985,
1403638607377829632,5.47354,8.87193,2.69805,-0.30912,0.70226,0.43159,0.47434,
1403638607477829376,5.37024,8.96541,2.68336,-0.31495,0.69916,0.43275,0.47404,
1403638607577829632,5.27668,9.06067,2.65586,-0.31688,0.69812,0.43410,0.47304,
1403638607677829632,5.18019,9.15137,2.61843,-0.31847,0.69643,0.43408,0.47448,
1403638607877829632,5.02061,9.33276,2.54824,-0.31808,0.69721,0.43242,0.47512,
1403638607977829376,4.95548,9.41923,2.50960,-0.32023,0.70163,0.42904,0.47020,
1403638608177829632,4.82579,9.58523,2.41525,-0.31710,0.69738,0.42686,0.48052,
1403638608377829632,4.70820,9.73643,2.30059,-0.31607,0.68704,0.42493,0.49750,
1403638608577829632,4.60071,9.87484,2.16208,-0.31427,0.68853,0.42518,0.49637,
1403638608677829632,4.54260,9.93544,2.09428,-0.31973,0.68580,0.42122,0.50003,
1403638608877829632,4.43019,10.03463,1.97179,-0.31889,0.68939,0.42224,0.49474,
1403638608977829376,4.37444,10.07588,1.92085,-0.31796,0.69347,0.42314,0.48882,
1403638609077829632,4.32211,10.11412,1.87778,-0.31738,0.69620,0.42368,0.48484,
1403638609277829376,4.22398,10.17566,1.80289,-0.32721,0.69680,0.41657,0.48360,
1403638609477829376,4.14006,10.22115,1.70637,-0.32239,0.69710,0.41924,0.48410,
1403638609677829632,4.06568,10.25759,1.58245,-0.31682,0.69615,0.42274,0.48609,
1403638609877829632,4.00981,10.28803,1.46126,-0.31604,0.69650,0.42325,0.48566,
1403638610277829376,3.91272,10.29414,1.29184,-0.32392,0.68940,0.41709,0.49582,
1403638610777829376,3.80992,10.19401,1.02136,-0.32968,0.68251,0.41320,0.50473,
1403638610877829632,3.78638,10.15453,0.97122,-0.32587,0.68887,0.41709,0.49528,
1403638611277829376,3.71094,9.93992,0.80068,-0.33046,0.68503,0.41672,0.49787,
1403638611477829376,3.67160,9.79590,0.72284,-0.31183,0.67838,0.42909,0.50838,
1403638611577829632,3.64602,9.71300,0.69367,-0.30300,0.67794,0.43427,0.50990,
1403638611777829376,3.58510,9.54884,0.64806,-0.30706,0.68610,0.43039,0.49975,
1403638611877829632,3.55023,9.46384,0.61923,-0.31228,0.69171,0.42597,0.49251,
1403638612077829632,3.48450,9.29770,0.55414,-0.31440,0.69703,0.42308,0.48611,
1403638612277829376,3.42760,9.13059,0.51248,-0.31638,0.69823,0.42086,0.48503,
1403638612477829376,3.38066,8.96226,0.48671,-0.31409,0.69658,0.42069,0.48902,
1403638612677829632,3.33653,8.78966,0.43621,-0.30538,0.69251,0.42362,0.49771,
1403638612877829632,3.28744,8.61722,0.36759,-0.30264,0.69050,0.42110,0.50427,
1403638613077829632,3.22776,8.44252,0.31525,-0.30413,0.69391,0.41785,0.50138,
1403638613277829376,3.15886,8.26516,0.29265,-0.30283,0.69681,0.41775,0.49823,
1403638613577829632,3.04994,8.00361,0.28001,-0.30197,0.69714,0.41279,0.50241,
1403638613777829376,2.97291,7.82830,0.24292,-0.30966,0.69653,0.39839,0.51014,
1403638613877829632,2.93442,7.73466,0.21420,-0.30664,0.69869,0.39034,0.51521,
1403638613977829376,2.89433,7.63497,0.18108,-0.29896,0.70471,0.38040,0.51895,
1403638614077829632,2.85280,7.52839,0.14306,-0.28704,0.71273,0.36849,0.52329,
1403638614177829632,2.81004,7.41839,0.10429,-0.27238,0.72296,0.35550,0.52607,
1403638614277829376,2.76557,7.30713,0.07122,-0.26138,0.73186,0.34191,0.52835,
1403638614377829632,2.71960,7.19599,0.04349,-0.25277,0.73856,0.33238,0.52930,
1403638614477829376,2.67256,7.08517,0.02512,-0.24929,0.74330,0.32338,0.52989,
1403638614577829632,2.62568,6.97429,0.01658,-0.24536,0.74779,0.31496,0.53047,
1403638614677829632,2.58214,6.86600,0.01649,-0.24224,0.75303,0.30289,0.53153,
1403638614777829376,2.54335,6.75945,0.02849,-0.24037,0.76296,0.28627,0.52741,
1403638614877829632,2.50706,6.65112,0.04938,-0.23270,0.77416,0.26866,0.52378,
1403638614977829376,2.47849,6.54248,0.07765,-0.21952,0.78344,0.24951,0.52515,
1403638615077829632,2.45587,6.43040,0.10967,-0.20138,0.79086,0.22869,0.53075,
1403638615177829632,2.43815,6.31285,0.14502,-0.17991,0.79430,0.20654,0.54227,
1403638615277829376,2.42396,6.19292,0.18414,-0.15484,0.79665,0.18510,0.55417,
1403638615377829632,2.41049,6.07005,0.21825,-0.13355,0.80026,0.15972,0.56235,
1403638615477829376,2.39790,5.94782,0.24650,-0.11330,0.80330,0.13386,0.56917,
1403638615577829632,2.38410,5.82571,0.26813,-0.09621,0.80659,0.10953,0.57285,
1403638615677829632,2.36947,5.70603,0.28686,-0.08293,0.80867,0.09221,0.57504,
1403638615777829376,2.35341,5.58911,0.31034,-0.07518,0.80995,0.07970,0.57617,
1403638615877829632,2.33567,5.47274,0.34115,-0.06996,0.81117,0.06790,0.57662,
1403638615977829376,2.31590,5.35485,0.37005,-0.06278,0.81270,0.05598,0.57658,
1403638616077829632,2.29557,5.23606,0.39206,-0.05390,0.81328,0.04373,0.57772,
1403638616177829632,2.27394,5.11792,0.40210,-0.04409,0.81445,0.02961,0.57780,
1403638616277829376,2.25133,4.99730,0.39557,-0.03347,0.81539,0.01142,0.57783,
1403638616377829632,2.22742,4.87423,0.37451,-0.02024,0.81602,-0.00786,0.57762,
1403638616477829376,2.20314,4.75145,0.34537,-0.00969,0.81646,-0.02578,0.57674,
1403638616577829632,2.17909,4.62920,0.31273,-0.00036,0.81809,-0.03830,0.57382,
1403638616677829632,2.15579,4.50849,0.27690,0.00546,0.82269,-0.04800,0.56643,
1403638616777829376,2.13479,4.38812,0.23641,0.00237,0.83110,-0.05832,0.55305,
1403638616877829632,2.11916,4.26583,0.19584,-0.00155,0.83680,-0.06514,0.54361,
1403638616977829376,2.11003,4.13858,0.16330,0.00367,0.83504,-0.06278,0.54658,
1403638617077829632,2.10784,4.00633,0.14009,0.00926,0.83143,-0.05772,0.55255,
1403638617177829632,2.10990,3.87221,0.12480,0.01521,0.82862,-0.05080,0.55730,
1403638617277829376,2.11622,3.73880,0.11517,0.01681,0.83104,-0.04612,0.55404,
1403638617377829632,2.12706,3.60701,0.11191,0.01641,0.83512,-0.04327,0.54812,
1403638617477829376,2.14338,3.47753,0.11671,0.01609,0.83792,-0.04010,0.54408,
1403638617677829632,2.19626,3.23120,0.15155,0.01718,0.83737,-0.03332,0.54534,
1403638617777829376,2.23313,3.11384,0.18130,0.01745,0.83580,-0.03065,0.54790,
1403638617877829632,2.27510,2.99923,0.21715,0.01852,0.83586,-0.02732,0.54794,
1403638617977829376,2.32221,2.88769,0.25728,0.01654,0.83486,-0.02688,0.54955,
1403638618177829632,2.42924,2.67412,0.32100,0.01349,0.83471,-0.02559,0.54993,
1403638618377829632,2.54995,2.47251,0.36314,0.01383,0.83402,-0.02307,0.55108,
1403638618577829632,2.68471,2.28202,0.39340,0.01479,0.83317,-0.02100,0.55242,
1403638618677829632,2.75762,2.19062,0.40690,0.01871,0.83304,-0.02408,0.55237,
1403638618777829376,2.83414,2.10267,0.42421,0.02131,0.83234,-0.02728,0.55318,
1403638618877829632,2.91401,2.01838,0.44714,0.02439,0.83057,-0.03060,0.55553,
1403638618977829376,2.99720,1.93635,0.47211,0.03043,0.82642,-0.03949,0.56084,
1403638619077829632,3.08187,1.85595,0.48946,0.04235,0.82278,-0.05310,0.56429,
1403638619177829632,3.16658,1.77817,0.49923,0.05595,0.81913,-0.07193,0.56632,
1403638619277829376,3.25226,1.70377,0.50207,0.06997,0.81510,-0.09601,0.56700,
1403638619377829632,3.33650,1.63164,0.49613,0.08620,0.81050,-0.12049,0.56670,
1403638619477829376,3.42032,1.56304,0.48635,0.09680,0.80611,-0.14168,0.56634,
1403638619577829632,3.50467,1.49750,0.47530,0.10336,0.80236,-0.15740,0.56635,
1403638619677829632,3.58782,1.43426,0.46032,0.09966,0.79876,-0.17383,0.56731,
1403638619877829632,3.74457,1.30641,0.42149,0.09576,0.79408,-0.19181,0.56875,
1403638620077829632,3.88343,1.16782,0.37824,0.09928,0.79065,-0.19705,0.57112,
1403638620277829376,3.99801,1.01714,0.35667,0.10665,0.78820,-0.19476,0.57396,
1403638620577829632,4.12443,0.78465,0.36784,0.11007,0.79212,-0.18896,0.56985,
1403638620877829632,4.21726,0.54639,0.35277,0.10688,0.80117,-0.18476,0.55907,
1403638621077829632,4.26776,0.38526,0.32608,0.11519,0.80025,-0.17371,0.56228,
1403638621277829376,4.31550,0.22659,0.31754,0.11424,0.79787,-0.16922,0.56720,
1403638621477829376,4.36377,0.09045,0.30886,0.11657,0.79699,-0.16406,0.56947,
1403638621677829632,4.40535,-0.05297,0.30027,0.11625,0.79390,-0.16086,0.57475,
1403638621877829632,4.43015,-0.16565,0.24704,0.11912,0.78887,-0.15769,0.58192,
1403638622277829376,4.43649,-0.35518,0.15627,0.11223,0.78619,-0.16250,0.58558,
1403638622477829376,4.41395,-0.41297,0.12228,0.11657,0.78798,-0.16150,0.58260,
1403638622677829632,4.35860,-0.47938,0.13426,0.12398,0.78373,-0.15845,0.58761,
1403638622777829376,4.32749,-0.49396,0.14866,0.12687,0.77261,-0.15696,0.60195,
1403638623077829632,4.19067,-0.52288,0.20471,0.12337,0.77805,-0.16253,0.59415,
1403638623277829376,4.06048,-0.52066,0.21636,0.11514,0.78530,-0.16875,0.58444,
1403638623477829376,3.91191,-0.50530,0.20938,0.11343,0.78959,-0.17034,0.57851,
1403638623777829376,3.66811,-0.48385,0.22097,0.11837,0.79125,-0.16893,0.57565,
1403638624077829632,3.39269,-0.45031,0.26298,0.11960,0.79381,-0.17232,0.57085,
1403638624377829632,3.10467,-0.40713,0.26301,0.11474,0.79283,-0.17922,0.57108,
1403638624577829632,2.91133,-0.38067,0.24471,0.11159,0.78431,-0.18425,0.58178,
1403638624777829376,2.70804,-0.35449,0.22019,0.11810,0.78607,-0.17216,0.58181,
1403638624877829632,2.60715,-0.34156,0.21882,0.11941,0.79228,-0.16394,0.57546,
1403638625077829632,2.38360,-0.30405,0.22229,0.10450,0.79651,-0.16099,0.57336,
1403638625277829376,2.17602,-0.27306,0.23209,0.09609,0.79829,-0.15964,0.57272,
1403638625577829632,1.85520,-0.24534,0.23055,0.09455,0.79849,-0.15753,0.57328,
1403638625777829376,1.63932,-0.23059,0.26204,0.09338,0.80464,-0.15858,0.56453,
1403638625977829376,1.43059,-0.22239,0.28036,0.09467,0.80767,-0.15915,0.55980,
1403638626177829632,1.23049,-0.21986,0.27857,0.09339,0.80931,-0.16137,0.55700,
1403638626377829632,1.03587,-0.22288,0.25948,0.10431,0.80600,-0.15470,0.56175,
1403638626677829632,0.76101,-0.22329,0.21853,0.10616,0.80900,-0.15205,0.55779,
1403638626877829632,0.59346,-0.22478,0.20459,0.10295,0.81558,-0.15363,0.54830,
1403638627377829632,0.27997,-0.22752,0.19307,0.10428,0.81597,-0.15013,0.54843,
1403638627777829376,0.13271,-0.23719,0.13693,0.10966,0.81045,-0.14778,0.55616,
1403638628177829632,0.03752,-0.22329,0.07110,0.11310,0.81345,-0.14873,0.55081,
1403638628577829632,0.01767,-0.18530,0.04462,0.09820,0.80424,-0.16131,0.56350,
1403638629077829632,-0.02536,-0.16220,0.00901,0.10851,0.80386,-0.15546,0.56379,
1403638629377829632,-0.05011,-0.14456,-0.00377,0.11240,0.80850,-0.15282,0.55709,
1403638629477829376,-0.05050,-0.13599,0.00340,0.11104,0.81298,-0.15459,0.55031,
1403638629577829632,-0.04953,-0.12897,0.00129,0.10742,0.81596,-0.15742,0.54580,
1403638629677829632,-0.04455,-0.12248,0.00213,0.09650,0.81378,-0.16572,0.54862,
1403638629777829376,-0.03677,-0.11863,0.00449,0.08987,0.80811,-0.17100,0.55646,
1403638629877829632,-0.02505,-0.11527,0.00389,0.08840,0.80169,-0.17264,0.56539,
1403638629977829376,-0.01994,-0.11728,-0.00502,0.09947,0.79622,-0.16580,0.57328,
1403638630077829632,-0.01781,-0.12151,-0.02337,0.10848,0.79271,-0.15966,0.57824,
1403638630177829632,-0.01884,-0.12385,-0.05134,0.11280,0.79551,-0.15625,0.57448,
1403638630277829376,-0.02196,-0.12414,-0.08617,0.11362,0.80006,-0.15558,0.56814,
1403638630377829632,-0.02039,-0.12183,-0.11203,0.10952,0.81946,-0.15662,0.54034,
1403638630477829376,-0.00846,-0.12119,-0.10075,0.10916,0.80149,-0.15488,0.56719,
1403638630577829632,0.00219,-0.12068,-0.10222,0.10878,0.80079,-0.15598,0.56796,
1403638630677829632,0.01036,-0.12126,-0.12237,0.10596,0.81977,-0.15303,0.54160,
1403638630777829376,0.01082,-0.12724,-0.12772,0.10857,0.82663,-0.14725,0.53217,
