1403715529312143104,0.06203,0.07988,0.20275,0.01376,0.82286,-0.00905,0.56801,0.09953,0.17485,0.38019,
1403715529412143104,0.07561,0.10023,0.24163,0.00399,0.82559,0.01030,0.56416,0.13042,0.18473,0.30447,
1403715529512142848,0.09120,0.11957,0.27044,-0.00414,0.82478,0.02563,0.56486,0.15799,0.19185,0.23068,
1403715529612143104,0.10850,0.13909,0.28999,-0.01012,0.82355,0.03647,0.56597,0.17753,0.19433,0.15050,
1403715529712142848,0.12878,0.15967,0.30420,-0.01318,0.82129,0.04567,0.56853,0.20304,0.21644,0.12913,
1403715529812143104,0.15158,0.18263,0.32001,-0.01648,0.82028,0.05180,0.56937,0.22209,0.23927,0.17502,
1403715529912143104,0.17554,0.20735,0.33964,-0.02042,0.81886,0.05443,0.57104,0.22657,0.25969,0.22175,
1403715530012142848,0.20012,0.23323,0.36419,-0.02189,0.81517,0.05661,0.57604,0.24112,0.27001,0.26890,
1403715530112143104,0.22379,0.26121,0.39322,-0.01701,0.80871,0.06170,0.58471,0.22657,0.29380,0.30743,
1403715530212142848,0.24434,0.29341,0.42709,-0.01040,0.80882,0.06591,0.58426,0.19147,0.34036,0.38788,
1403715530312143104,0.26194,0.33154,0.47245,-0.00423,0.81255,0.06882,0.57880,0.16894,0.40923,0.52089,
1403715530412143104,0.27641,0.37616,0.53094,-0.00876,0.81520,0.06467,0.57549,0.15102,0.48245,0.64188,
1403715530512142848,0.28982,0.42510,0.59658,-0.01743,0.81626,0.06489,0.57377,0.14191,0.52973,0.65611,
1403715530612143104,0.29985,0.47681,0.65617,-0.02523,0.81640,0.06932,0.57276,0.12658,0.54725,0.53491,
1403715530712142848,0.30898,0.52979,0.70387,-0.03266,0.81533,0.07345,0.57339,0.11221,0.55770,0.42051,
1403715530812143104,0.31790,0.58575,0.74426,-0.04264,0.81481,0.08243,0.57225,0.10371,0.58194,0.39404,
1403715530912143104,0.32787,0.64404,0.78374,-0.05413,0.81383,0.09448,0.57081,0.10892,0.58345,0.38000,
1403715531012142848,0.33832,0.70218,0.82060,-0.06072,0.81645,0.10558,0.56442,0.11264,0.58436,0.34156,
1403715531112143104,0.34989,0.76097,0.85183,-0.06558,0.82727,0.11343,0.54631,0.12801,0.58343,0.28344,
1403715531212142848,0.36641,0.82113,0.87985,-0.07536,0.83667,0.11415,0.53035,0.19911,0.60757,0.26629,
1403715531312143104,0.39188,0.88076,0.91006,-0.09303,0.83197,0.10747,0.53631,0.30121,0.59330,0.30759,
1403715531412143104,0.42459,0.93580,0.94060,-0.10315,0.82238,0.10443,0.54968,0.36277,0.53356,0.27893,
1403715531512142848,0.46178,0.98530,0.96062,-0.10494,0.81566,0.10601,0.55897,0.38830,0.46665,0.12847,
1403715531612143104,0.50090,1.03016,0.96709,-0.10751,0.81370,0.10615,0.56131,0.39344,0.41753,-0.01656,
1403715531712142848,0.54247,1.07203,0.96488,-0.10682,0.81393,0.10725,0.56090,0.42098,0.36639,-0.06016,
1403715531812143104,0.58631,1.10971,0.96580,-0.09654,0.80991,0.11367,0.56728,0.43516,0.31960,-0.02606,
1403715531912143104,0.62839,1.14172,0.96650,-0.08970,0.80259,0.11740,0.57795,0.41477,0.29266,-0.01577,
1403715532012142848,0.66600,1.17196,0.96891,-0.08564,0.79785,0.11885,0.58478,0.36607,0.27879,-0.02413,
1403715532112143104,0.69893,1.19864,0.96827,-0.08124,0.79559,0.12120,0.58801,0.31591,0.26063,-0.02055,
1403715532212142848,0.72688,1.22405,0.96625,-0.08096,0.79428,0.12158,0.58974,0.25826,0.25250,-0.03825,
1403715532312143104,0.74874,1.24927,0.96271,-0.08680,0.79398,0.12345,0.58891,0.19864,0.25544,-0.05364,
1403715532412143104,0.76544,1.27317,0.95881,-0.09710,0.79713,0.12207,0.58331,0.14929,0.23455,-0.05705,
1403715532512142848,0.77794,1.29415,0.95438,-0.10642,0.79946,0.12078,0.57874,0.11980,0.19697,-0.06432,
1403715532612143104,0.78650,1.30902,0.94987,-0.12112,0.79982,0.11462,0.57662,0.09050,0.13059,-0.06694,
1403715532712142848,0.79386,1.31622,0.94458,-0.13654,0.79730,0.10710,0.57810,0.06693,0.02940,-0.07125,
1403715532812143104,0.79762,1.31050,0.93703,-0.14600,0.79519,0.10259,0.57951,0.03932,-0.10777,-0.09324,
1403715532912143104,0.80071,1.29263,0.92639,-0.14718,0.79557,0.09597,0.57983,0.02535,-0.24084,-0.14403,
1403715533012142848,0.80327,1.26153,0.90686,-0.14287,0.79865,0.08173,0.57885,0.01351,-0.38226,-0.26115,
1403715533112143104,0.80478,1.21616,0.87627,-0.13173,0.80250,0.06287,0.57852,0.00130,-0.52256,-0.35486,
1403715533212142848,0.80537,1.15610,0.84513,-0.11086,0.79899,0.04477,0.58934,-0.01866,-0.66137,-0.26155,
1403715533312143104,0.80090,1.08257,0.82574,-0.08841,0.79449,0.02814,0.60015,-0.08482,-0.78577,-0.13263,
1403715533412143104,0.79054,0.99895,0.82116,-0.06980,0.79649,0.01692,0.60037,-0.13232,-0.87692,0.02898,
1403715533512142848,0.77403,0.90741,0.83024,-0.06119,0.80284,0.00485,0.59303,-0.19111,-0.94691,0.17037,
1403715533612143104,0.75131,0.80779,0.85303,-0.06549,0.80849,-0.01127,0.58475,-0.24379,-1.02879,0.30801,
1403715533712142848,0.72445,0.69657,0.89056,-0.07212,0.81376,-0.02504,0.57617,-0.26532,-1.16237,0.46164,
1403715533812143104,0.69683,0.57218,0.94117,-0.07136,0.81695,-0.03112,0.57143,-0.25340,-1.30632,0.54567,
1403715533912143104,0.67040,0.43449,0.99204,-0.05877,0.81950,-0.02636,0.56945,-0.24235,-1.40976,0.47633,
1403715534012142848,0.64276,0.28821,1.03262,-0.04555,0.82049,-0.01923,0.56951,-0.24958,-1.47470,0.33696,
1403715534112143104,0.61400,0.13584,1.05855,-0.03225,0.82044,-0.01073,0.57071,-0.24480,-1.52439,0.19935,
1403715534212142848,0.58460,-0.01846,1.07076,-0.01851,0.82077,-0.00062,0.57096,-0.25350,-1.53829,0.06492,
1403715534312143104,0.55634,-0.17318,1.07094,-0.00906,0.82095,0.00696,0.57088,-0.24189,-1.52202,-0.06213,
1403715534412143104,0.53043,-0.32201,1.05977,-0.00248,0.82127,0.00872,0.57046,-0.23167,-1.50014,-0.17863,
1403715534512142848,0.50783,-0.47523,1.03829,0.00440,0.82152,0.00399,0.57015,-0.21790,-1.48760,-0.27018,
1403715534612143104,0.48879,-0.62925,1.01347,0.01186,0.82167,-0.00762,0.56979,-0.19746,-1.46316,-0.27418,
1403715534712142848,0.46900,-0.78595,0.98788,0.02281,0.82264,-0.02366,0.56762,-0.19309,-1.44902,-0.27855,
1403715534812143104,0.45123,-0.93867,0.95985,0.03806,0.82673,-0.04437,0.55955,-0.18236,-1.42639,-0.28837,
1403715534912143104,0.43815,-1.08511,0.93091,0.05607,0.83059,-0.06832,0.54983,-0.13345,-1.39458,-0.29192,
1403715535012142848,0.43389,-1.21950,0.90391,0.07426,0.83163,-0.09067,0.54282,-0.06082,-1.34632,-0.28104,
1403715535112143104,0.43726,-1.35290,0.87662,0.08736,0.83369,-0.10928,0.53421,0.00779,-1.29869,-0.29680,
1403715535212142848,0.45323,-1.48058,0.84865,0.09347,0.83777,-0.12435,0.52340,0.12252,-1.25150,-0.27705,
1403715535312143104,0.48363,-1.60333,0.82231,0.09565,0.84082,-0.13523,0.51534,0.27391,-1.23315,-0.23556,
1403715535412143104,0.53120,-1.71887,0.79755,0.08848,0.84004,-0.14817,0.51435,0.41601,-1.22741,-0.21247,
1403715535512142848,0.58867,-1.84086,0.77456,0.07723,0.83163,-0.15982,0.52620,0.53492,-1.26053,-0.18359,
1403715535612143104,0.65429,-1.96837,0.75329,0.07495,0.82070,-0.15986,0.54340,0.60298,-1.29985,-0.17619,
1403715535712142848,0.72465,-2.10028,0.73144,0.07531,0.81531,-0.15067,0.55398,0.65446,-1.32167,-0.19124,
1403715535812143104,0.79643,-2.23381,0.70874,0.07481,0.81481,-0.13268,0.55936,0.65813,-1.32243,-0.19884,
1403715535912143104,0.86664,-2.36662,0.68517,0.07542,0.81916,-0.10771,0.55828,0.68629,-1.30762,-0.22450,
1403715536012142848,0.93835,-2.49660,0.66089,0.06891,0.82647,-0.08637,0.55204,0.71282,-1.27244,-0.22702,
1403715536112143104,1.01389,-2.62218,0.63919,0.06123,0.83405,-0.07082,0.54369,0.77776,-1.22765,-0.20761,
1403715536212142848,1.09589,-2.74494,0.62061,0.05724,0.83993,-0.05659,0.53669,0.85749,-1.19518,-0.18292,
1403715536312143104,1.18702,-2.86320,0.60648,0.05766,0.84283,-0.04243,0.53339,0.95006,-1.12541,-0.11544,
1403715536412143104,1.28640,-2.97287,0.59675,0.06334,0.84027,-0.02641,0.53780,1.03396,-1.04382,-0.06749,
1403715536512142848,1.39278,-3.07161,0.59124,0.07278,0.83501,-0.01140,0.54528,1.09812,-0.92340,-0.03441,
1403715536612143104,1.50525,-3.15700,0.58781,0.07858,0.82867,-0.00187,0.55419,1.14871,-0.77907,-0.02073,
1403715536712142848,1.62054,-3.22515,0.58720,0.08144,0.81968,0.00358,0.56700,1.17053,-0.61356,0.01158,
1403715536812143104,1.73722,-3.27774,0.58949,0.07943,0.80615,0.00823,0.58630,1.14745,-0.43752,0.04004,
1403715536912143104,1.85040,-3.31437,0.59365,0.08318,0.79345,0.01781,0.60266,1.07203,-0.27447,0.06355,
1403715537012142848,1.95267,-3.33246,0.59983,0.09450,0.78047,0.02916,0.61733,0.95388,-0.08958,0.07714,
1403715537112143104,2.04307,-3.33011,0.61003,0.10210,0.76328,0.03612,0.63693,0.80394,0.14195,0.13182,
1403715537212142848,2.11551,-3.30458,0.62436,0.10529,0.74380,0.03901,0.65891,0.58632,0.38187,0.16287,
1403715537312143104,2.16365,-3.25436,0.64141,0.09245,0.73130,0.03061,0.67507,0.33231,0.62019,0.17704,
1403715537412143104,2.18558,-3.18381,0.65878,0.06372,0.73997,0.01023,0.66954,0.06841,0.78300,0.15064,
1403715537512142848,2.18486,-3.10162,0.67541,0.03600,0.76495,-0.01168,0.64297,-0.15126,0.87049,0.16521,
1403715537612143104,2.16498,-3.01393,0.69339,0.01751,0.79077,-0.02798,0.61122,-0.29003,0.89156,0.19737,
1403715537712142848,2.13510,-2.92559,0.71648,0.00850,0.80042,-0.03869,0.59812,-0.34167,0.87152,0.26157,
1403715537812143104,2.09906,-2.83949,0.74382,0.00600,0.79211,-0.04410,0.60875,-0.40627,0.84144,0.29089,
1403715537912143104,2.05334,-2.75769,0.76983,0.00713,0.78426,-0.04558,0.61872,-0.50225,0.80663,0.23852,
1403715538012142848,1.99701,-2.67922,0.78966,0.00624,0.78856,-0.04671,0.61314,-0.60401,0.76774,0.19457,
1403715538112143104,1.93244,-2.60607,0.80837,0.00261,0.79522,-0.05297,0.60399,-0.68775,0.70971,0.17711,
1403715538212142848,1.86081,-2.54063,0.82224,0.00247,0.80123,-0.06392,0.59493,-0.74236,0.63445,0.08295,
1403715538312143104,1.78505,-2.48105,0.82578,0.00960,0.80231,-0.07664,0.59189,-0.77639,0.56771,-0.01706,
1403715538412143104,1.70535,-2.42972,0.81979,0.02383,0.79574,-0.08874,0.59862,-0.82046,0.49501,-0.07942,
1403715538512142848,1.61953,-2.38328,0.81149,0.04947,0.78332,-0.09709,0.61200,-0.90029,0.45586,-0.06067,
1403715538612143104,1.52557,-2.33855,0.80381,0.07467,0.77400,-0.10916,0.61923,-1.00646,0.46087,-0.06914,
1403715538712142848,1.42185,-2.29343,0.79551,0.09439,0.77131,-0.12904,0.61605,-1.10206,0.46896,-0.09312,
1403715538812143104,1.30976,-2.24596,0.78359,0.11264,0.77691,-0.15568,0.59957,-1.18188,0.49280,-0.11327,
1403715538912143104,1.18948,-2.19578,0.77098,0.13377,0.78035,-0.18603,0.58185,-1.22745,0.50667,-0.15159,
1403715539012142848,1.06542,-2.14442,0.75019,0.15802,0.77678,-0.21920,0.56886,-1.25542,0.51883,-0.26035,
1403715539112143104,0.93929,-2.09097,0.71722,0.18262,0.76862,-0.25528,0.55741,-1.27109,0.54180,-0.38495,
1403715539212142848,0.81388,-2.03672,0.67290,0.20620,0.75671,-0.29231,0.54719,-1.26481,0.56303,-0.49659,
1403715539312143104,0.68831,-1.97947,0.61708,0.22767,0.74742,-0.32708,0.53156,-1.26432,0.58535,-0.61219,
1403715539412143104,0.56567,-1.92184,0.55278,0.24595,0.73926,-0.35779,0.51478,-1.23126,0.57118,-0.62169,
1403715539512142848,0.44961,-1.86741,0.49780,0.26025,0.72974,-0.38079,0.50472,-1.16915,0.56141,-0.48633,
1403715539612143104,0.34098,-1.81591,0.45904,0.26040,0.72018,-0.40329,0.50089,-1.09697,0.51373,-0.28366,
1403715539712142848,0.23792,-1.76807,0.43985,0.26146,0.70983,-0.41726,0.50366,-1.05846,0.46878,-0.09974,
1403715539812143104,0.13755,-1.72452,0.43728,0.26560,0.70424,-0.42195,0.50543,-1.04784,0.43406,0.04339,
1403715539912143104,0.03853,-1.68553,0.44697,0.26358,0.70911,-0.42247,0.49920,-1.03244,0.38991,0.17535,
1403715540012142848,-0.05541,-1.65688,0.47317,0.25138,0.71767,-0.42559,0.49055,-1.01675,0.31104,0.25747,
1403715540112143104,-0.14414,-1.63995,0.50345,0.23225,0.72705,-0.43269,0.47984,-0.96797,0.18483,0.31591,
1403715540212142848,-0.22881,-1.63742,0.53877,0.21665,0.73140,-0.43767,0.47599,-0.92728,0.01578,0.34115,
1403715540312143104,-0.31397,-1.65045,0.57685,0.21728,0.73194,-0.43344,0.47873,-0.91029,-0.15343,0.37567,
1403715540412143104,-0.40127,-1.67412,0.61422,0.22743,0.73695,-0.42286,0.47578,-0.87370,-0.28176,0.35592,
1403715540512142848,-0.48861,-1.70654,0.64771,0.23654,0.74537,-0.41434,0.46562,-0.83782,-0.38476,0.30283,
1403715540612143104,-0.57026,-1.74862,0.67629,0.23935,0.75301,-0.41366,0.45230,-0.75981,-0.49461,0.27168,
1403715540712142848,-0.64162,-1.80270,0.70118,0.23089,0.75315,-0.42325,0.44758,-0.66682,-0.61574,0.23099,
1403715540812143104,-0.70294,-1.87143,0.72414,0.22464,0.74664,-0.43277,0.45252,-0.58739,-0.76519,0.21676,
1403715540912143104,-0.75851,-1.95523,0.74643,0.22741,0.73860,-0.43503,0.46207,-0.53786,-0.91241,0.21614,
1403715541012142848,-0.81064,-2.05277,0.76739,0.23646,0.73325,-0.43102,0.46974,-0.49304,-1.03275,0.20279,
1403715541112143104,-0.85981,-2.16133,0.78547,0.24360,0.73213,-0.42619,0.47223,-0.46215,-1.11574,0.17052,
1403715541212142848,-0.90441,-2.27781,0.80003,0.23854,0.72591,-0.42922,0.48158,-0.42134,-1.19841,0.15863,
1403715541312143104,-0.94695,-2.40135,0.81477,0.23595,0.71333,-0.43285,0.49812,-0.44118,-1.27607,0.14450,
1403715541412143104,-0.99402,-2.53123,0.82775,0.24787,0.71002,-0.42825,0.50103,-0.47358,-1.32049,0.09588,
1403715541512142848,-1.04246,-2.66428,0.83519,0.25379,0.71837,-0.42638,0.48759,-0.47557,-1.35431,0.06044,
1403715541612143104,-1.08916,-2.80176,0.84180,0.25400,0.72778,-0.42731,0.47247,-0.44729,-1.39644,0.05834,
1403715541712142848,-1.13117,-2.94436,0.85014,0.26160,0.73550,-0.42194,0.46106,-0.38450,-1.45867,0.09706,
1403715541812143104,-1.16465,-3.09420,0.86075,0.28359,0.73984,-0.40528,0.45603,-0.28121,-1.50239,0.12439,
1403715541912143104,-1.18638,-3.24490,0.87217,0.30615,0.74087,-0.38623,0.45630,-0.14663,-1.48700,0.12137,
1403715542012142848,-1.19384,-3.39134,0.88171,0.31909,0.74505,-0.36818,0.45555,0.01137,-1.42729,0.10457,
1403715542112143104,-1.18475,-3.52940,0.89125,0.32469,0.74616,-0.34785,0.46565,0.17951,-1.31843,0.12547,
1403715542212142848,-1.15855,-3.65648,0.90208,0.32322,0.74383,-0.32688,0.48517,0.34557,-1.18010,0.13188,
1403715542312143104,-1.11676,-3.76898,0.91409,0.30944,0.74033,-0.31021,0.50983,0.46029,-1.01400,0.16013,
1403715542412143104,-1.06545,-3.86633,0.92682,0.28552,0.73629,-0.29590,0.53740,0.53122,-0.85921,0.17184,
1403715542512142848,-1.00973,-3.95011,0.94133,0.25746,0.72929,-0.28431,0.56659,0.52803,-0.72263,0.17644,
1403715542612143104,-0.95812,-4.02555,0.95204,0.23657,0.73191,-0.27448,0.57707,0.46185,-0.60713,0.11451,
1403715542712142848,-0.91370,-4.08903,0.95704,0.22003,0.74018,-0.26819,0.57602,0.39123,-0.50584,0.09558,
1403715542812143104,-0.87550,-4.13901,0.95876,0.21090,0.74879,-0.26241,0.57094,0.34107,-0.41926,0.03949,
1403715542912143104,-0.84321,-4.17712,0.95598,0.20089,0.75578,-0.26159,0.56570,0.29156,-0.33694,-0.01565,
1403715543012142848,-0.81560,-4.20817,0.94789,0.18888,0.75686,-0.26528,0.56667,0.24437,-0.28692,-0.09350,
1403715543112143104,-0.79292,-4.23566,0.93342,0.18147,0.75480,-0.26864,0.57025,0.19147,-0.25584,-0.14330,
1403715543212142848,-0.77604,-4.26151,0.91713,0.18058,0.75133,-0.27046,0.57423,0.12279,-0.23846,-0.15341,
1403715543312143104,-0.76446,-4.28580,0.89987,0.17920,0.74662,-0.27386,0.57917,0.05250,-0.20663,-0.16150,
1403715543412143104,-0.76067,-4.30827,0.88406,0.18247,0.74521,-0.27439,0.57972,-0.02841,-0.18601,-0.15656,
1403715543512142848,-0.76110,-4.33058,0.86727,0.19080,0.74627,-0.27128,0.57714,-0.08844,-0.15350,-0.15335,
1403715543612143104,-0.77006,-4.34591,0.85217,0.19938,0.74243,-0.26747,0.58095,-0.15268,-0.10494,-0.15580,
1403715543712142848,-0.78593,-4.35573,0.83505,0.21391,0.73700,-0.26071,0.58575,-0.23722,-0.03752,-0.17187,
1403715543812143104,-0.81225,-4.35495,0.81610,0.23771,0.73257,-0.25658,0.58396,-0.30859,0.06813,-0.20652,
1403715543912143104,-0.84494,-4.34286,0.79310,0.26201,0.72958,-0.26130,0.57514,-0.36022,0.20942,-0.24353,
1403715544012142848,-0.88191,-4.31381,0.76777,0.28457,0.72810,-0.27573,0.55934,-0.38615,0.37704,-0.27955,
1403715544112143104,-0.91984,-4.26924,0.73634,0.29936,0.72307,-0.30412,0.54320,-0.37937,0.52776,-0.38447,
1403715544212142848,-0.95749,-4.21056,0.69254,0.30666,0.71181,-0.34650,0.52843,-0.37054,0.64511,-0.49907,
1403715544312143104,-0.99403,-4.14166,0.63588,0.31768,0.69466,-0.39226,0.51250,-0.35428,0.73116,-0.64316,
1403715544412143104,-1.02891,-4.06534,0.56589,0.32800,0.67313,-0.43844,0.49708,-0.33271,0.79700,-0.75039,
1403715544512142848,-1.06197,-3.98296,0.48990,0.34269,0.65004,-0.47642,0.48273,-0.31709,0.84379,-0.73806,
1403715544612143104,-1.09299,-3.89620,0.42210,0.35642,0.63028,-0.50426,0.47057,-0.29740,0.88083,-0.59595,
1403715544712142848,-1.12071,-3.80623,0.37534,0.37046,0.61611,-0.51808,0.46343,-0.27207,0.90118,-0.32530,
1403715544812143104,-1.14682,-3.71285,0.35550,0.38377,0.60552,-0.52092,0.46336,-0.25369,0.96306,-0.05628,
1403715544912143104,-1.17222,-3.61233,0.36095,0.38973,0.60203,-0.52139,0.46240,-0.24460,1.04018,0.15209,
1403715545012142848,-1.19688,-3.50446,0.37866,0.38762,0.60541,-0.52554,0.45501,-0.24017,1.09727,0.19382,
1403715545112143104,-1.22092,-3.39311,0.39951,0.38730,0.60610,-0.53214,0.44661,-0.23528,1.13175,0.16699,
1403715545212142848,-1.24428,-3.28115,0.41262,0.39017,0.60264,-0.54175,0.43714,-0.22680,1.14843,0.05079,
1403715545312143104,-1.26652,-3.16745,0.41346,0.39414,0.59605,-0.55424,0.42684,-0.21247,1.15683,-0.06679,
1403715545412143104,-1.28701,-3.05274,0.40602,0.39371,0.58412,-0.56828,0.42527,-0.18866,1.15124,-0.10644,
1403715545512142848,-1.30747,-2.93790,0.40079,-0.38628,-0.57009,0.58329,-0.43076,-0.20053,1.14629,-0.04070,
1403715545612143104,-1.33225,-2.82593,0.40375,-0.37895,-0.55817,0.59503,-0.43678,-0.26042,1.12663,0.04872,
1403715545712142848,-1.36424,-2.71417,0.41084,-0.37429,-0.55285,0.59979,-0.44104,-0.33709,1.10750,0.05714,
1403715545812143104,-1.40409,-2.60503,0.41716,-0.37320,-0.55731,0.59677,-0.44044,-0.42452,1.09230,0.04648,
1403715545912143104,-1.44992,-2.49687,0.42338,-0.37425,-0.56938,0.58501,-0.43990,-0.48760,1.08014,0.06485,
1403715546012142848,-1.50018,-2.38839,0.42991,0.37463,0.58914,-0.56450,0.44036,-0.50428,1.06684,0.06353,
1403715546112143104,-1.55133,-2.27946,0.43762,0.36867,0.61193,-0.53880,0.44646,-0.49613,1.06259,0.10162,
1403715546212142848,-1.60165,-2.17165,0.44612,0.35327,0.63561,-0.51013,0.45931,-0.48109,1.05736,0.10965,
1403715546312143104,-1.65116,-2.06354,0.45472,0.33117,0.65963,-0.47970,0.47445,-0.46735,1.06637,0.10649,
1403715546412143104,-1.69894,-1.95562,0.46467,0.30655,0.68328,-0.44718,0.48906,-0.45890,1.07362,0.12336,
1403715546512142848,-1.74705,-1.84815,0.47658,0.28020,0.70607,-0.41303,0.50235,-0.46044,1.07476,0.12916,
1403715546612143104,-1.79388,-1.74284,0.48882,0.25466,0.72831,-0.37593,0.51322,-0.46156,1.06086,0.12069,
1403715546712142848,-1.83989,-1.63984,0.49894,0.22773,0.75381,-0.33748,0.51577,-0.44792,1.03527,0.07985,
1403715546812143104,-1.88291,-1.54014,0.50551,0.19516,0.78204,-0.30207,0.50900,-0.40024,0.99890,0.06395,
1403715546912143104,-1.92014,-1.44581,0.51333,0.16171,0.80191,-0.26859,0.50857,-0.34476,0.92473,0.07877,
1403715547012142848,-1.95072,-1.36051,0.52290,0.14308,0.81825,-0.22460,0.50946,-0.26484,0.84851,0.08304,
1403715547112143104,-1.97220,-1.28174,0.53254,0.12347,0.83042,-0.18192,0.51193,-0.15714,0.80758,0.08490,
1403715547212142848,-1.98305,-1.20547,0.54263,0.10299,0.83865,-0.13992,0.51622,-0.04679,0.77874,0.09572,
1403715547312143104,-1.98340,-1.13104,0.55355,0.08469,0.84476,-0.09893,0.51906,0.06376,0.76548,0.08978,
1403715547412143104,-1.97153,-1.05886,0.56302,0.06409,0.85046,-0.06503,0.51805,0.18092,0.76601,0.05932,
1403715547512142848,-1.94814,-0.98443,0.56937,0.04173,0.85713,-0.03553,0.51218,0.30218,0.78299,0.02863,
1403715547612143104,-1.90876,-0.91152,0.57288,0.02048,0.86111,-0.00222,0.50801,0.44852,0.81853,0.01919,
1403715547712142848,-1.85509,-0.83334,0.57647,0.00120,0.86261,0.03339,0.50477,0.59508,0.84417,0.02107,
1403715547812143104,-1.78475,-0.75560,0.58096,-0.01875,0.86169,0.06769,0.50254,0.75270,0.88282,0.02217,
1403715547912143104,-1.70223,-0.66621,0.58569,-0.03961,0.85673,0.09924,0.50458,0.90193,0.93365,0.03612,
1403715548012142848,-1.60670,-0.56981,0.59097,-0.06194,0.84599,0.12177,0.51540,1.01525,0.98240,0.03714,
1403715548112143104,-1.50280,-0.46696,0.59780,-0.07571,0.83085,0.13800,0.53378,1.07506,1.01405,0.02559,
1403715548212142848,-1.39445,-0.36227,0.60344,-0.08196,0.81845,0.14870,0.54892,1.10295,1.04247,0.02305,
1403715548312143104,-1.28437,-0.25475,0.60618,-0.08304,0.80985,0.15477,0.55973,1.10869,1.07745,-0.05058,
1403715548412143104,-1.17418,-0.14451,0.59761,-0.08122,0.80733,0.15650,0.56315,1.09488,1.10365,-0.18380,
1403715548512142848,-1.06390,-0.03065,0.57861,-0.08098,0.80830,0.15358,0.56259,1.08132,1.13386,-0.23529,
1403715548612143104,-0.95547,0.08681,0.55782,-0.08451,0.81049,0.14596,0.56095,1.06945,1.16301,-0.22505,
1403715548712142848,-0.84967,0.20523,0.53743,-0.08618,0.81186,0.13859,0.56057,1.04300,1.18080,-0.21806,
1403715548812143104,-0.74868,0.32247,0.51826,-0.08652,0.81277,0.13258,0.56066,1.03577,1.18882,-0.19540,
1403715548912143104,-0.64736,0.43978,0.50034,-0.08597,0.81256,0.12728,0.56228,1.04210,1.18978,-0.17827,
1403715549012142848,-0.54873,0.55636,0.48288,-0.08837,0.81109,0.12793,0.56387,1.02010,1.20070,-0.16612,
1403715549112143104,-0.45371,0.67348,0.46725,-0.09587,0.80574,0.13423,0.56884,0.99451,1.20098,-0.13155,
1403715549212142848,-0.36153,0.78983,0.45570,-0.10347,0.79505,0.14170,0.58062,0.94649,1.18043,-0.09084,
1403715549312143104,-0.27571,0.90370,0.44469,-0.11063,0.78480,0.14737,0.59173,0.85899,1.14037,-0.09762,
1403715549412143104,-0.20020,1.01377,0.43161,-0.12671,0.78129,0.14510,0.59369,0.75516,1.09483,-0.12620,
1403715549512142848,-0.13054,1.11766,0.41646,-0.14207,0.78499,0.14141,0.58618,0.68543,1.00664,-0.13590,
1403715549612143104,-0.06245,1.21451,0.39961,-0.15287,0.79415,0.13719,0.57196,0.64849,0.90460,-0.14959,
1403715549712142848,0.00550,1.30227,0.38395,-0.15827,0.80283,0.12514,0.56103,0.66412,0.78581,-0.12075,
1403715549812143104,0.07595,1.37719,0.37224,-0.15677,0.80540,0.10631,0.56165,0.69464,0.65656,-0.08624,
1403715549912143104,0.14529,1.43537,0.36319,-0.15221,0.80740,0.08047,0.56433,0.70958,0.50436,-0.07689,
1403715550012142848,0.21478,1.47486,0.35748,-0.14775,0.81094,0.04561,0.56432,0.72549,0.32436,-0.05686,
1403715550112143104,0.28360,1.49264,0.35299,-0.12969,0.81702,0.01289,0.56169,0.73004,0.10570,-0.01436,
1403715550212142848,0.35052,1.48656,0.35957,-0.09827,0.82167,-0.01273,0.56129,0.72867,-0.10605,0.11888,
1403715550312143104,0.42048,1.46544,0.37883,-0.06678,0.82537,-0.03725,0.55939,0.72751,-0.27129,0.26297,
1403715550412143104,0.49278,1.43111,0.41237,-0.03503,0.82442,-0.06145,0.56154,0.73938,-0.41168,0.37323,
1403715550512142848,0.56663,1.38524,0.44943,-0.00145,0.82106,-0.08617,0.56430,0.73866,-0.50884,0.36515,
1403715550612143104,0.64004,1.33215,0.48049,0.02508,0.81715,-0.11622,0.56403,0.72246,-0.55522,0.23572,
1403715550712142848,0.71251,1.27358,0.49842,0.04337,0.81072,-0.15227,0.56361,0.71540,-0.61598,0.11571,
1403715550812143104,0.78345,1.20880,0.50393,0.05444,0.80214,-0.19232,0.56269,0.68847,-0.68263,-0.02071,
1403715550912143104,0.85151,1.13554,0.49708,0.06490,0.79249,-0.23174,0.56040,0.64896,-0.78127,-0.11798,
1403715551012142848,0.91478,1.05084,0.48549,0.08080,0.78214,-0.26682,0.55726,0.59564,-0.92045,-0.09788,
1403715551112143104,0.97167,0.95203,0.48326,0.10830,0.77211,-0.29347,0.55316,0.51099,-1.06114,0.03893,
1403715551212142848,1.01945,0.83984,0.49444,0.13244,0.76020,-0.32156,0.54877,0.43809,-1.18578,0.17259,
1403715551312143104,1.05918,0.71636,0.51643,0.14975,0.74409,-0.35446,0.54614,0.34650,-1.29175,0.22944,
1403715551412143104,1.08801,0.58286,0.54065,0.16583,0.72686,-0.38822,0.54172,0.23647,-1.39168,0.23253,
1403715551512142848,1.10480,0.44009,0.56492,0.18728,0.70825,-0.41817,0.53707,0.11046,-1.48227,0.23142,
1403715551612143104,1.11100,0.28716,0.58899,0.21874,0.69043,-0.44093,0.53013,-0.02308,-1.55715,0.24490,
1403715551712142848,1.10122,0.13017,0.61442,0.25757,0.67001,-0.45740,0.52491,-0.14994,-1.57755,0.25406,
1403715551812143104,1.07894,-0.02680,0.63879,0.29108,0.64626,-0.47562,0.52097,-0.27369,-1.54994,0.23254,
1403715551912143104,1.04514,-0.17845,0.66224,0.32030,0.61688,-0.49464,0.52172,-0.38762,-1.49153,0.23820,
1403715552012142848,1.00025,-0.32185,0.68474,0.35229,0.59304,-0.51051,0.51339,-0.50056,-1.37697,0.21529,
1403715552112143104,0.94511,-0.45318,0.70346,0.38028,0.57821,-0.52758,0.49266,-0.58716,-1.24967,0.17675,
1403715552212142848,0.88393,-0.57084,0.71950,0.40419,0.56114,-0.54549,0.47349,-0.63596,-1.10794,0.17933,
1403715552312143104,0.81969,-0.67561,0.73427,-0.43367,-0.53760,0.55888,-0.45888,-0.66104,-0.96327,0.15220,
1403715552412143104,0.75399,-0.76498,0.74672,-0.45868,-0.51309,0.57634,-0.44066,-0.67038,-0.79013,0.12395,
1403715552512142848,0.68788,-0.83540,0.75781,-0.48003,-0.48493,0.59687,-0.42210,-0.65367,-0.61683,0.11652,
1403715552612143104,0.62361,-0.88182,0.76780,-0.49851,-0.45014,0.61910,-0.40692,-0.62874,-0.42004,0.08736,
1403715552712142848,0.56218,-0.91193,0.77535,0.51211,0.41180,-0.64435,0.39113,-0.60836,-0.22170,0.04533,
1403715552812143104,0.50268,-0.92413,0.77978,0.52233,0.37320,-0.67152,0.37008,-0.59653,-0.03088,0.02875,
1403715552912143104,0.44432,-0.91286,0.78080,0.52831,0.33342,-0.69946,0.34710,-0.58653,0.17060,-0.02611,
1403715553012142848,0.38527,-0.88555,0.77780,0.52709,0.29124,-0.72803,0.32760,-0.60333,0.35669,-0.06269,
1403715553112143104,0.32188,-0.84121,0.77199,0.52839,0.24954,-0.75099,0.30749,-0.64091,0.54155,-0.08794,
1403715553212142848,0.25220,-0.77899,0.76657,0.54063,0.21271,-0.76365,0.28163,-0.69593,0.71306,-0.08463,
1403715553312143104,0.17838,-0.69888,0.76097,0.55774,0.17446,-0.76898,0.25915,-0.73276,0.90058,-0.07539,
1403715553412143104,0.10658,-0.59536,0.75401,0.58497,0.14041,-0.76533,0.22883,-0.70790,1.10419,-0.08706,
1403715553512142848,0.04089,-0.47390,0.74538,0.61557,0.11236,-0.75663,0.18965,-0.61813,1.27519,-0.12696,
1403715553612143104,-0.01382,-0.33911,0.73073,0.63475,0.08828,-0.75247,0.15195,-0.47651,1.40766,-0.17666,
1403715553712142848,-0.05231,-0.19391,0.71168,0.63979,0.07307,-0.75552,0.12050,-0.30046,1.49175,-0.22698,
1403715553812143104,-0.07409,-0.04209,0.68773,0.62165,0.06950,-0.77477,0.09188,-0.14368,1.53828,-0.23242,
1403715553912143104,-0.08198,0.11241,0.66640,0.59947,0.07221,-0.79418,0.06856,-0.02936,1.54426,-0.19708,
1403715554012142848,-0.08282,0.26472,0.64655,0.57368,0.07389,-0.81376,0.05684,0.01178,1.50821,-0.20055,
1403715554112143104,-0.08036,0.41416,0.62660,0.54215,0.07407,-0.83525,0.05416,-0.00631,1.46150,-0.19216,
1403715554212142848,-0.08395,0.55989,0.60979,0.51399,0.07657,-0.85280,0.05192,-0.11606,1.40546,-0.14506,
1403715554312143104,-0.10255,0.69917,0.59577,-0.49710,-0.08419,0.86240,-0.04560,-0.27463,1.34505,-0.15168,
1403715554412143104,-0.13959,0.82969,0.57860,-0.49844,-0.10948,0.85967,-0.02313,-0.45304,1.22691,-0.18202,
1403715554512142848,-0.19214,0.94481,0.55540,0.52877,0.16291,-0.83273,-0.02068,-0.54950,1.03069,-0.28657,
1403715554612143104,-0.24672,1.03459,0.52089,0.56059,0.21656,-0.79634,-0.06840,-0.51441,0.71856,-0.39268,
1403715554712142848,-0.29373,1.08824,0.47426,0.58154,0.25179,-0.76682,-0.10196,-0.38941,0.31507,-0.48549,
1403715554812143104,-0.32260,1.09947,0.42313,0.59815,0.27079,-0.74443,-0.12127,-0.16751,-0.21023,-0.46362,
1403715554912143104,-0.32234,1.06670,0.38388,0.61399,0.26936,-0.73282,-0.11596,0.15804,-0.83324,-0.24530,
1403715555012142848,-0.28760,0.94930,0.37246,0.62724,0.24420,-0.73443,-0.08686,0.51338,-1.41854,-0.01593,
1403715555112143104,-0.22143,0.78468,0.38121,0.61740,0.18965,-0.76314,-0.02175,0.77245,-1.81113,0.16629,
1403715555212142848,-0.13917,0.59518,0.40060,0.58910,0.12949,-0.79587,0.05270,0.87203,-1.95514,0.17171,
1403715555312143104,-0.05263,0.40060,0.41082,0.55036,0.06793,-0.82158,0.13224,0.84081,-1.91381,0.03090,
1403715555412143104,0.02472,0.21891,0.41277,0.53419,0.03918,-0.82754,0.16814,0.71783,-1.70614,0.03914,
1403715555512142848,0.08836,0.06313,0.42650,0.54485,0.04054,-0.82132,0.16409,0.58790,-1.42171,0.19759,
1403715555612143104,0.14093,-0.06643,0.45760,0.55872,0.05466,-0.81443,0.14679,0.50703,-1.18433,0.33769,
1403715555712142848,0.18947,-0.17672,0.50000,0.56181,0.06958,-0.81368,0.13211,0.47378,-1.00677,0.43905,
1403715555812143104,0.23982,-0.26924,0.55222,0.55208,0.07096,-0.81895,0.13961,0.43429,-0.84642,0.54383,
1403715555912143104,0.28889,-0.34405,0.61344,0.54305,0.06778,-0.82311,0.15163,0.35921,-0.66764,0.64943,
1403715556012142848,0.32857,-0.40233,0.67989,0.53355,0.06437,-0.82752,0.16247,0.28155,-0.49708,0.60313,
1403715556112143104,0.35470,-0.44365,0.73844,0.52218,0.05482,-0.83194,0.17945,0.17828,-0.30707,0.52263,
1403715556212142848,0.36596,-0.46150,0.78764,0.52862,0.05252,-0.82687,0.18462,0.05217,-0.08460,0.49330,
1403715556312143104,0.36359,-0.45728,0.83241,0.53983,0.05717,-0.81988,0.18195,-0.05827,0.13342,0.46949,
1403715556412143104,0.35128,-0.43380,0.87384,0.54601,0.06569,-0.81621,0.17709,-0.14273,0.33362,0.40683,
1403715556512142848,0.33329,-0.39449,0.90652,0.55045,0.08614,-0.81555,0.15642,-0.19672,0.47922,0.25794,
1403715556612143104,0.31158,-0.34336,0.92622,0.55252,0.10957,-0.81578,0.13126,-0.23886,0.55850,0.10028,
1403715556712142848,0.28653,-0.28485,0.93052,0.54536,0.12511,-0.82066,0.11597,-0.27317,0.59824,-0.05908,
1403715556812143104,0.25681,-0.22526,0.92266,0.54323,0.13917,-0.82162,0.10235,-0.33985,0.59643,-0.12612,
1403715556912143104,0.22192,-0.16786,0.91052,0.54736,0.15066,-0.81820,0.09086,-0.37623,0.56060,-0.14005,
1403715557012142848,0.18431,-0.11488,0.89655,0.54475,0.15554,-0.81954,0.08606,-0.40754,0.49690,-0.16891,
1403715557112143104,0.14238,-0.06864,0.88017,0.52898,0.15254,-0.82989,0.09056,-0.45483,0.42967,-0.15898,
1403715557212142848,0.09322,-0.02824,0.86632,0.51079,0.14687,-0.84153,0.09669,-0.55479,0.37015,-0.13467,
1403715557312143104,0.03152,0.00736,0.85530,-0.49849,-0.14313,0.84926,-0.09893,-0.69710,0.31748,-0.11218,
1403715557412143104,-0.04471,0.03877,0.84565,-0.49536,-0.14023,0.85149,-0.09961,-0.85033,0.27286,-0.09120,
1403715557512142848,-0.13621,0.06739,0.83802,0.50975,0.14030,-0.84321,0.09728,-0.98678,0.23593,-0.08099,
1403715557612143104,-0.23907,0.09083,0.82845,0.52963,0.14299,-0.83114,0.09082,-1.08128,0.18904,-0.09852,
1403715557712142848,-0.34879,0.10977,0.81592,0.54696,0.14612,-0.82014,0.08283,-1.11920,0.14350,-0.12394,
1403715557812143104,-0.46081,0.12217,0.80259,0.55396,0.14253,-0.81614,0.08206,-1.12624,0.09001,-0.08625,
1403715557912143104,-0.57317,0.12961,0.79856,0.55360,0.13481,-0.81754,0.08356,-1.13184,0.04125,0.03070,
1403715558012142848,-0.68555,0.13256,0.80868,0.55416,0.12711,-0.81832,0.08433,-1.13162,0.00577,0.15633,
1403715558112143104,-0.79867,0.13129,0.83016,0.55326,0.12243,-0.81983,0.08242,-1.14932,-0.03200,0.27309,
1403715558212142848,-0.91393,0.12675,0.86048,0.55071,0.12224,-0.82212,0.07678,-1.16688,-0.05961,0.30563,
1403715558312143104,-1.03117,0.11872,0.89164,0.55326,0.12774,-0.82056,0.06524,-1.18523,-0.10054,0.29754,
1403715558412143104,-1.14920,0.10488,0.92138,0.56526,0.13238,-0.81222,0.05707,-1.18170,-0.18170,0.27757,
1403715558512142848,-1.26610,0.08360,0.94501,0.58373,0.12643,-0.79932,0.06604,-1.13276,-0.23178,0.17838,
1403715558612143104,-1.37753,0.05969,0.95712,0.60152,0.11946,-0.78614,0.07672,-1.06615,-0.24192,0.04985,
1403715558712142848,-1.48120,0.03659,0.95431,0.60812,0.11532,-0.78094,0.08385,-0.97182,-0.24308,-0.08514,
1403715558812143104,-1.57582,0.01332,0.94372,0.60892,0.12247,-0.77889,0.08683,-0.87670,-0.24525,-0.10708,
1403715558912143104,-1.66144,-0.00993,0.93444,0.60862,0.13955,-0.77615,0.08775,-0.76703,-0.24173,-0.08864,
1403715559012142848,-1.73468,-0.03327,0.92865,0.60939,0.16104,-0.77110,0.09007,-0.62815,-0.25557,-0.05328,
1403715559112143104,-1.79292,-0.05869,0.92627,0.60785,0.18169,-0.76641,0.10061,-0.48091,-0.28188,-0.02339,
1403715559212142848,-1.83578,-0.08674,0.92730,0.60619,0.20294,-0.76035,0.11493,-0.34624,-0.30235,0.00532,
1403715559312143104,-1.86368,-0.11679,0.92954,0.60443,0.22680,-0.75296,0.12760,-0.20455,-0.31754,-0.00659,
1403715559412143104,-1.87598,-0.14757,0.93148,0.59761,0.25202,-0.74840,0.13872,-0.07650,-0.32843,-0.01542,
1403715559512142848,-1.87469,-0.18109,0.92749,0.57904,0.27351,-0.75377,0.14743,0.03108,-0.35992,-0.11441,
1403715559612143104,-1.86517,-0.21831,0.91142,0.55828,0.28197,-0.76263,0.16494,0.10172,-0.37669,-0.23584,
1403715559712142848,-1.85102,-0.25801,0.88434,0.54770,0.29244,-0.76449,0.17339,0.12968,-0.41169,-0.32249,
1403715559812143104,-1.83372,-0.30164,0.85189,0.54383,0.30770,-0.76026,0.17769,0.16989,-0.45885,-0.32107,
1403715559912143104,-1.81166,-0.34895,0.81814,0.53993,0.32625,-0.75399,0.18314,0.22383,-0.51128,-0.32085,
1403715560012142848,-1.78568,-0.40228,0.78452,0.53614,0.34923,-0.74529,0.18746,0.28147,-0.58306,-0.32365,
1403715560112143104,-1.75404,-0.46413,0.75415,0.53023,0.37075,-0.73688,0.19598,0.35269,-0.66519,-0.24618,
1403715560212142848,-1.71586,-0.53578,0.73467,0.51984,0.38616,-0.73111,0.21476,0.42260,-0.75398,-0.13403,
1403715560312143104,-1.67304,-0.61537,0.72860,0.50711,0.39789,-0.72655,0.23800,0.45122,-0.82839,-0.00951,
1403715560412143104,-1.62883,-0.69980,0.73145,-0.49669,-0.41149,0.71918,-0.25836,0.45645,-0.86864,0.02284,
1403715560512142848,-1.58459,-0.78817,0.73441,-0.48781,-0.42811,0.71012,-0.27296,0.45439,-0.89977,0.00622,
1403715560612143104,-1.54066,-0.87827,0.73582,-0.47951,-0.44496,0.69967,-0.28730,0.45657,-0.93188,0.02399,
1403715560712142848,-1.49501,-0.97283,0.73911,-0.47152,-0.46340,0.68704,-0.30150,0.46310,-0.98203,0.03708,
1403715560812143104,-1.44855,-1.07141,0.74295,-0.46526,-0.48434,0.67149,-0.31313,0.47445,-1.00134,0.02541,
1403715560912143104,-1.39996,-1.17252,0.74668,-0.45931,-0.50872,0.65370,-0.32080,0.50923,-1.03515,0.02962,
1403715561012142848,-1.34678,-1.27613,0.75075,-0.45034,-0.53158,0.63539,-0.33301,0.55335,-1.06744,0.03328,
1403715561112143104,-1.28916,-1.38150,0.75395,-0.43667,-0.55181,0.61869,-0.34935,0.59622,-1.08436,0.01288,
1403715561212142848,-1.22813,-1.48917,0.75484,-0.42033,-0.56815,0.60442,-0.36771,0.62660,-1.09991,0.00696,
1403715561312143104,-1.16558,-1.59919,0.75542,-0.40020,-0.57338,0.59837,-0.39118,0.62495,-1.11166,-0.00680,
1403715561412143104,-1.10497,-1.71108,0.75504,-0.38178,-0.57729,0.59315,-0.41129,0.59804,-1.12627,-0.00924,
1403715561512142848,-1.04921,-1.82459,0.75712,0.37593,0.58831,-0.57893,0.42121,0.54272,-1.14123,0.02191,
1403715561612143104,-0.99762,-1.93791,0.76144,0.37760,0.60230,-0.55937,0.42632,0.50385,-1.14124,0.05068,
1403715561712142848,-0.94823,-2.05111,0.76669,0.38139,0.61538,-0.53738,0.43252,0.51296,-1.13274,0.04915,
1403715561812143104,-0.89756,-2.16078,0.77241,0.38219,0.62614,-0.51454,0.44399,0.52853,-1.07835,0.05912,
1403715561912143104,-0.84433,-2.26474,0.77932,0.37802,0.63626,-0.49164,0.45887,0.56380,-1.01236,0.09160,
1403715562012142848,-0.78875,-2.36047,0.78854,0.37582,0.64271,-0.46644,0.47762,0.57644,-0.90944,0.10227,
1403715562112143104,-0.73282,-2.44491,0.79935,0.37538,0.64520,-0.44443,0.49526,0.56512,-0.77695,0.12368,
1403715562212142848,-0.67727,-2.51504,0.81025,0.37875,0.64732,-0.42696,0.50521,0.56081,-0.62167,0.11431,
1403715562312143104,-0.62207,-2.56821,0.81837,0.38204,0.65641,-0.41635,0.49983,0.55930,-0.44030,0.08277,
1403715562412143104,-0.56325,-2.60498,0.82361,0.38056,0.67164,-0.41420,0.48220,0.61364,-0.28481,0.05390,
1403715562512142848,-0.49688,-2.62814,0.82809,0.37692,0.68842,-0.41180,0.46306,0.70275,-0.15578,0.04976,
1403715562612143104,-0.41785,-2.64127,0.83550,0.37646,0.69971,-0.39916,0.45755,0.84382,-0.05033,0.06128,
1403715562712142848,-0.32645,-2.64303,0.84112,0.35171,0.70492,-0.40325,0.46559,0.95497,0.04381,0.04099,
1403715562812143104,-0.22605,-2.63686,0.84652,0.32398,0.70534,-0.41168,0.47755,1.01988,0.10282,0.03629,
1403715562912143104,-0.12033,-2.62633,0.85224,0.29875,0.70736,-0.41399,0.48889,1.05284,0.13518,0.03808,
1403715563012142848,-0.01281,-2.61513,0.85859,0.27971,0.71225,-0.40646,0.49926,1.05521,0.14029,0.04294,
1403715563112143104,0.09352,-2.60227,0.86480,0.27018,0.71816,-0.38641,0.51179,1.05689,0.14169,0.05282,
1403715563212142848,0.19973,-2.58858,0.87162,0.26288,0.72432,-0.35688,0.52810,1.06161,0.15867,0.06277,
1403715563312143104,0.30486,-2.56943,0.87718,0.24931,0.73103,-0.32129,0.54792,1.04180,0.22800,0.06327,
1403715563412143104,0.40514,-2.54198,0.88095,0.22806,0.74168,-0.28217,0.56416,0.99341,0.30279,0.05267,
1403715563512142848,0.49881,-2.50746,0.88028,0.20760,0.75483,-0.24070,0.57375,0.94105,0.36894,-0.02130,
1403715563612143104,0.58459,-2.46471,0.86821,0.18916,0.76484,-0.19957,0.58259,0.86684,0.45875,-0.15372,
1403715563712142848,0.66007,-2.41319,0.84403,0.17257,0.77098,-0.16092,0.59153,0.78811,0.54699,-0.25232,
1403715563812143104,0.72656,-2.35307,0.81014,0.15194,0.77363,-0.12639,0.60203,0.70140,0.65383,-0.36651,
1403715563912143104,0.78640,-2.28319,0.76536,0.11638,0.77522,-0.10033,0.61272,0.60298,0.74895,-0.46756,
1403715564012142848,0.83648,-2.20456,0.71131,0.07356,0.77920,-0.07719,0.61763,0.47671,0.81519,-0.54299,
1403715564112143104,0.87643,-2.12042,0.65593,0.02884,0.78417,-0.05322,0.61758,0.33623,0.83126,-0.53259,
1403715564212142848,0.90504,-2.03527,0.60399,-0.01037,0.78687,-0.02510,0.61652,0.21820,0.81148,-0.49668,
1403715564312143104,0.92411,-1.95463,0.55963,-0.04066,0.78888,0.01184,0.61309,0.10656,0.75343,-0.37028,
1403715564412143104,0.93191,-1.87975,0.52842,-0.06855,0.79275,0.05563,0.60312,0.00439,0.70067,-0.24962,
1403715564512142848,0.93114,-1.81061,0.51112,-0.09394,0.79968,0.10331,0.58397,-0.06099,0.65140,-0.08016,
1403715564612143104,0.92504,-1.74577,0.50840,-0.11706,0.79978,0.15149,0.56895,-0.10910,0.60951,0.06843,
1403715564712142848,0.91503,-1.68312,0.52088,-0.13755,0.79280,0.19891,0.55944,-0.13082,0.59614,0.20676,
1403715564812143104,0.90286,-1.62110,0.54731,-0.15815,0.78099,0.24431,0.55259,-0.14809,0.60656,0.33025,
1403715564912143104,0.88921,-1.55952,0.58855,-0.18008,0.76531,0.28503,0.54830,-0.16506,0.62298,0.47011,
1403715565012142848,0.87179,-1.49733,0.64272,-0.20252,0.74597,0.32236,0.54644,-0.21631,0.64382,0.59009,
1403715565112143104,0.84707,-1.43409,0.70640,-0.22806,0.72848,0.35735,0.53815,-0.28647,0.65337,0.63502,
1403715565212142848,0.81576,-1.37187,0.76606,-0.25899,0.71325,0.38776,0.52329,-0.34412,0.64302,0.53149,
1403715565312143104,0.78099,-1.31111,0.81422,-0.29004,0.69575,0.41315,0.51099,-0.36882,0.63201,0.41252,
1403715565412143104,0.74588,-1.25145,0.84923,-0.32002,0.67330,0.43530,0.50475,-0.38366,0.59429,0.28857,
1403715565512142848,0.70729,-1.19771,0.87427,-0.34967,0.65022,0.45658,0.49647,-0.41630,0.52265,0.18859,
1403715565612143104,0.66509,-1.15241,0.89477,-0.37509,0.62582,0.48290,0.48422,-0.44453,0.42438,0.21407,
1403715565712142848,0.62020,-1.11759,0.91923,-0.40009,0.60035,0.51227,0.46593,-0.47605,0.32119,0.27335,
1403715565812143104,0.57033,-1.09409,0.94704,-0.42044,0.57272,0.54766,0.44192,-0.50223,0.19437,0.29506,
1403715565912143104,0.51745,-1.08235,0.97775,-0.44261,0.54115,0.58415,0.41234,-0.52056,0.08107,0.32520,
1403715566012142848,0.46338,-1.08137,1.00883,-0.46692,0.50276,0.61821,0.38344,-0.52331,-0.00517,0.31796,
1403715566112143104,0.41091,-1.08827,1.03955,-0.48811,0.46329,0.64982,0.35334,-0.49847,-0.09409,0.30674,
1403715566212142848,0.36046,-1.10365,1.06870,0.50736,-0.42185,-0.67765,-0.32469,-0.47147,-0.17894,0.29099,
1403715566312143104,0.31258,-1.12718,1.09683,0.52594,-0.38007,-0.70169,-0.29421,-0.43946,-0.25938,0.28536,
1403715566412143104,0.26942,-1.15931,1.11988,0.54029,-0.33791,-0.72366,-0.26501,-0.39593,-0.34078,0.20170,
1403715566512142848,0.23033,-1.19583,1.13231,0.55553,-0.29648,-0.73982,-0.23695,-0.36062,-0.39271,0.07312,
1403715566612143104,0.19531,-1.23850,1.13300,0.56934,-0.25730,-0.75208,-0.20982,-0.32102,-0.46673,-0.04190,
1403715566712142848,0.16331,-1.28811,1.12439,0.57973,-0.21579,-0.76392,-0.18376,-0.27796,-0.54131,-0.10546,
1403715566812143104,0.13662,-1.34694,1.11397,0.58759,-0.17272,-0.77578,-0.15187,-0.21627,-0.63044,-0.10565,
1403715566912143104,0.11530,-1.41413,1.10575,0.59672,-0.12726,-0.78388,-0.11516,-0.15829,-0.70474,-0.07180,
1403715567012142848,0.10042,-1.48747,1.09779,0.60181,-0.07830,-0.79120,-0.07540,-0.08340,-0.76752,-0.08199,
1403715567112143104,0.09452,-1.56577,1.08885,0.60160,-0.02922,-0.79781,-0.02695,-0.00164,-0.80555,-0.08816,
1403715567212142848,0.09786,-1.64656,1.08097,0.59842,0.02445,-0.80054,0.02084,0.08413,-0.81658,-0.08427,
1403715567312143104,0.10687,-1.72815,1.07156,0.58612,0.08254,-0.80333,0.06562,0.12330,-0.81698,-0.10584,
1403715567412143104,0.12084,-1.80835,1.05802,0.57221,0.14642,-0.80026,0.10357,0.17039,-0.80278,-0.18057,
1403715567512142848,0.13814,-1.88750,1.03330,0.55668,0.20914,-0.79200,0.13823,0.20530,-0.79084,-0.31611,
1403715567612143104,0.15839,-1.96681,0.99461,0.54319,0.26552,-0.77751,0.17297,0.22462,-0.79108,-0.44664,
1403715567712142848,0.18076,-2.05150,0.94770,0.53225,0.31708,-0.75681,0.20837,0.24918,-0.81001,-0.49991,
1403715567812143104,0.20828,-2.13848,0.89886,0.52320,0.36410,-0.73019,0.24599,0.29360,-0.81819,-0.50544,
1403715567912143104,0.24143,-2.22875,0.85077,0.51018,0.41057,-0.70217,0.27946,0.33505,-0.82048,-0.49424,
1403715568012142848,0.28001,-2.31702,0.80413,-0.49669,-0.45584,0.67102,-0.30861,0.38246,-0.80319,-0.46341,
1403715568112143104,0.32414,-2.40104,0.76056,-0.48390,-0.49389,0.63729,-0.34025,0.45585,-0.77269,-0.43712,
1403715568212142848,0.37517,-2.47999,0.71905,-0.46810,-0.52953,0.60291,-0.37011,0.52284,-0.71586,-0.42680,
1403715568312143104,0.43594,-2.55080,0.67855,-0.44500,-0.56195,0.57166,-0.39923,0.59129,-0.65576,-0.41239,
1403715568412143104,0.50552,-2.61395,0.64315,0.42142,0.59206,-0.53932,0.42543,0.64287,-0.57730,-0.38062,
1403715568512142848,0.58239,-2.66919,0.61606,0.39823,0.62125,-0.50452,0.44825,0.69114,-0.49043,-0.32021,
1403715568612143104,0.66204,-2.71088,0.59663,0.37345,0.64897,-0.46879,0.46863,0.73835,-0.39402,-0.24484,
1403715568712142848,0.74112,-2.73826,0.58348,0.34695,0.67516,-0.43200,0.48700,0.77306,-0.28338,-0.18534,
1403715568812143104,0.81872,-2.75392,0.57423,0.31834,0.69946,-0.39497,0.50341,0.79027,-0.18738,-0.14369,
1403715568912143104,0.89573,-2.76073,0.56686,0.29055,0.72172,-0.35847,0.51595,0.78769,-0.09251,-0.13979,
1403715569012142848,0.97264,-2.76146,0.55688,0.26058,0.74293,-0.32747,0.52242,0.78619,-0.02228,-0.12586,
1403715569112143104,1.04868,-2.75728,0.54691,0.23377,0.76019,-0.29596,0.52903,0.78546,0.03552,-0.13484,
1403715569212142848,1.12674,-2.74955,0.53601,0.20551,0.77290,-0.26797,0.53720,0.78819,0.07803,-0.12442,
1403715569312143104,1.20471,-2.73954,0.52732,0.18468,0.77601,-0.24133,0.55268,0.78528,0.09904,-0.08679,
1403715569412143104,1.28196,-2.72527,0.52095,0.17030,0.77390,-0.21599,0.57046,0.76400,0.14850,-0.05390,
1403715569512142848,1.35587,-2.70536,0.51578,0.15908,0.77439,-0.19038,0.58204,0.72157,0.21172,-0.04358,
1403715569612143104,1.42318,-2.67719,0.51192,0.14719,0.77882,-0.16391,0.58729,0.66282,0.29007,-0.03934,
1403715569712142848,1.48605,-2.64169,0.50688,0.13100,0.78681,-0.13771,0.58720,0.60393,0.37727,-0.04209,
1403715569812143104,1.53890,-2.59686,0.50370,0.10771,0.79441,-0.11020,0.58750,0.53814,0.46414,-0.02487,
1403715569912143104,1.58639,-2.54414,0.50219,0.08101,0.79820,-0.07931,0.59163,0.47299,0.54127,0.00457,
1403715570012142848,1.62978,-2.48610,0.50174,0.05555,0.79826,-0.04558,0.59801,0.41451,0.59778,-0.00039,
1403715570112143104,1.66559,-2.42264,0.50054,0.02966,0.79748,-0.01028,0.60252,0.34399,0.65089,-0.01354,
1403715570212142848,1.69472,-2.35460,0.49834,0.00238,0.79599,0.02594,0.60475,0.25226,0.69543,-0.02827,
1403715570312143104,1.71479,-2.28261,0.49491,-0.02628,0.79239,0.06385,0.60609,0.16556,0.73706,-0.04208,
1403715570412143104,1.72435,-2.20717,0.48924,-0.05593,0.78570,0.10394,0.60725,0.05973,0.76720,-0.06674,
1403715570512142848,1.72349,-2.12909,0.48198,-0.08873,0.77662,0.14381,0.60688,-0.05564,0.78149,-0.07389,
1403715570612143104,1.71105,-2.05048,0.47262,-0.11857,0.76564,0.18677,0.60403,-0.19319,0.78453,-0.10904,
1403715570712142848,1.68619,-1.97229,0.45855,-0.15019,0.76008,0.22859,0.58946,-0.31596,0.76578,-0.14113,
1403715570812143104,1.65159,-1.89411,0.44433,-0.18054,0.75008,0.27186,0.57522,-0.41768,0.76152,-0.15239,
1403715570912143104,1.60744,-1.81664,0.42982,-0.21103,0.73769,0.31307,0.55970,-0.49411,0.74808,-0.15708,
1403715571012142848,1.55520,-1.74096,0.41408,-0.23704,0.72729,0.35006,0.54067,-0.55898,0.72674,-0.16079,
1403715571112143104,1.49826,-1.66695,0.39832,-0.26121,0.71811,0.37421,0.52540,-0.59103,0.69910,-0.17135,
1403715571212142848,1.43951,-1.59492,0.38459,-0.28321,0.70656,0.38585,0.52124,-0.59922,0.67126,-0.13129,
1403715571312143104,1.37845,-1.52893,0.37506,-0.29620,0.69145,0.39253,0.52923,-0.62832,0.59262,-0.11711,
1403715571412143104,1.31278,-1.47245,0.36558,-0.30172,0.68399,0.39653,0.53282,-0.67349,0.51675,-0.12296,
1403715571512142848,1.24147,-1.42461,0.35548,-0.29824,0.68986,0.40246,0.52265,-0.71592,0.44289,-0.12796,
1403715571612143104,1.16751,-1.38044,0.33942,-0.30317,0.70618,0.40014,0.49928,-0.74017,0.40290,-0.21500,
1403715571712142848,1.09496,-1.33962,0.31214,-0.31923,0.72969,0.38729,0.46438,-0.68892,0.38326,-0.34460,
1403715571812143104,1.03069,-1.30083,0.27410,-0.33094,0.75486,0.37477,0.42451,-0.54968,0.35936,-0.40227,
1403715571912143104,0.98743,-1.26758,0.23626,-0.33380,0.77420,0.36739,0.39269,-0.30490,0.36656,-0.38498,
1403715572012142848,0.97336,-1.23438,0.20110,-0.32480,0.78894,0.36870,0.36897,0.01171,0.39986,-0.33379,
1403715572112143104,0.99461,-1.20137,0.17173,-0.30190,0.79298,0.38478,0.36328,0.34928,0.47397,-0.26600,
1403715572212142848,1.03905,-1.15752,0.14725,-0.27637,0.77886,0.41248,0.38321,0.59006,0.62104,-0.21028,
1403715572312143104,1.10552,-1.09455,0.12836,-0.26255,0.74164,0.44431,0.42852,0.69776,0.78609,-0.19657,
1403715572412143104,1.17472,-1.01415,0.10768,-0.26729,0.69784,0.46811,0.47165,0.66874,0.90375,-0.21926,
1403715572512142848,1.23683,-0.92454,0.08246,-0.28419,0.66393,0.48427,0.49388,0.56130,0.95621,-0.26732,
1403715572612143104,1.28824,-0.83131,0.05317,-0.30473,0.64165,0.49917,0.49624,0.43112,0.96497,-0.27337,
1403715572712142848,1.32680,-0.73723,0.02646,-0.32297,0.62227,0.51812,0.48992,0.29568,0.95387,-0.26759,
1403715572812143104,1.34921,-0.64478,0.00516,-0.33840,0.60839,0.53922,0.47391,0.14824,0.92773,-0.17161,
1403715572912143104,1.35994,-0.55274,-0.00433,-0.35996,0.59597,0.55575,0.45431,0.04203,0.92331,-0.02792,
1403715573012142848,1.36129,-0.46131,0.00014,-0.38252,0.57895,0.57068,0.43911,-0.04932,0.89902,0.10075,
1403715573112143104,1.35400,-0.37270,0.01646,-0.40473,0.56112,0.58556,0.42244,-0.12186,0.86960,0.21597,
1403715573212142848,1.34092,-0.28887,0.04108,-0.42415,0.54366,0.60152,0.40336,-0.15794,0.81300,0.23260,
1403715573312143104,1.32322,-0.21148,0.06547,-0.44078,0.52667,0.61878,0.38136,-0.18074,0.76621,0.21058,
1403715573412143104,1.30473,-0.13819,0.08765,-0.45499,0.50964,0.63650,0.35793,-0.18353,0.73710,0.18984,
1403715573512142848,1.28681,-0.06774,0.10859,-0.47119,0.49575,0.65103,0.32919,-0.16105,0.72038,0.17891,
1403715573612143104,1.27139,-0.00006,0.13064,-0.48285,0.47801,0.66680,0.30618,-0.12251,0.71580,0.19279,
1403715573712142848,1.26024,0.06991,0.15204,-0.48420,0.45297,0.68864,0.29351,-0.09712,0.72892,0.18557,
1403715573812143104,1.24999,0.14186,0.17185,-0.47988,0.42650,0.71337,0.28091,-0.10258,0.75277,0.18327,
1403715573912143104,1.23654,0.21395,0.19149,-0.47715,0.39974,0.73691,0.26361,-0.14882,0.76367,0.19221,
1403715574012142848,1.21835,0.29165,0.21172,-0.48024,0.37236,0.75711,0.23978,-0.21540,0.80284,0.18040,
1403715574112143104,1.19316,0.37300,0.23220,-0.48575,0.34188,0.77582,0.21277,-0.30031,0.85968,0.20401,
1403715574212142848,1.16007,0.46038,0.25382,-0.49864,0.30615,0.78840,0.18986,-0.36908,0.91726,0.22968,
1403715574312143104,1.12066,0.55477,0.27763,0.51740,-0.26105,-0.79461,-0.18098,-0.42077,0.94697,0.23630,
1403715574412143104,1.07592,0.64840,0.30051,0.53040,-0.21556,-0.79941,-0.18209,-0.47020,0.92513,0.19999,
1403715574512142848,1.02690,0.73983,0.31800,0.53512,-0.18234,-0.80400,-0.18435,-0.52228,0.85345,0.15612,
1403715574612143104,0.97148,0.81927,0.33070,0.53452,-0.16021,-0.80993,-0.18064,-0.58927,0.74944,0.10734,
1403715574712142848,0.90902,0.88869,0.34064,0.53272,-0.14320,-0.81595,-0.17301,-0.66682,0.62031,0.08483,
1403715574812143104,0.83789,0.94595,0.34850,0.53349,-0.13591,-0.82010,-0.15605,-0.75785,0.50772,0.07649,
1403715574912143104,0.75733,0.99665,0.35906,0.53895,-0.13986,-0.81983,-0.13356,-0.82649,0.42759,0.11306,
1403715575012142848,0.67345,1.04632,0.37772,0.54947,-0.14240,-0.81433,-0.12114,-0.86001,0.39322,0.15842,
1403715575112143104,0.58602,1.08610,0.39696,0.56114,-0.14133,-0.80649,-0.12131,-0.87278,0.35053,0.18666,
1403715575212142848,0.49917,1.11977,0.41837,0.58192,-0.13889,-0.79092,-0.12851,-0.84818,0.30118,0.21252,
1403715575312143104,0.41863,1.14271,0.43866,0.59256,-0.13655,-0.78128,-0.14080,-0.77680,0.20421,0.16595,
1403715575412143104,0.34521,1.15446,0.45361,0.58132,-0.14540,-0.78794,-0.14168,-0.71099,0.10832,0.13273,
1403715575512142848,0.27549,1.15930,0.47045,0.56879,-0.15103,-0.79479,-0.14825,-0.68915,0.02515,0.18274,
1403715575612143104,0.20737,1.15551,0.49226,0.56693,-0.14474,-0.79278,-0.17072,-0.68407,-0.08063,0.22999,
1403715575712142848,0.13799,1.13962,0.51727,0.56672,-0.13787,-0.78922,-0.19223,-0.69788,-0.22970,0.23448,
1403715575812143104,0.06772,1.10614,0.53972,0.56297,-0.13810,-0.78931,-0.20245,-0.71746,-0.41107,0.19571,
1403715575912143104,-0.00599,1.05512,0.56034,0.56107,-0.14516,-0.79003,-0.19995,-0.73496,-0.59597,0.18238,
1403715576012142848,-0.08211,0.98833,0.57783,0.56191,-0.16165,-0.79067,-0.18159,-0.76024,-0.73130,0.16554,
1403715576112143104,-0.16040,0.91031,0.59519,0.56358,-0.17328,-0.79015,-0.16737,-0.75086,-0.82922,0.14640,
1403715576212142848,-0.23896,0.82471,0.61006,0.56672,-0.18191,-0.78837,-0.15558,-0.75594,-0.88522,0.13345,
1403715576312143104,-0.31918,0.73562,0.62659,0.57123,-0.18353,-0.78547,-0.15179,-0.74869,-0.91196,0.17603,
1403715576412143104,-0.39501,0.64213,0.64735,0.58425,-0.17956,-0.77633,-0.15398,-0.71331,-0.96365,0.21283,
1403715576512142848,-0.46438,0.54250,0.67072,0.59913,-0.17540,-0.76518,-0.15739,-0.64854,-1.03137,0.23288,
1403715576612143104,-0.52399,0.43556,0.69516,0.61137,-0.17310,-0.75437,-0.16489,-0.53683,-1.11460,0.23790,
1403715576712142848,-0.57032,0.31963,0.71880,0.61144,-0.17545,-0.75206,-0.17251,-0.41678,-1.20330,0.22230,
1403715576812143104,-0.60431,0.19439,0.74151,0.60101,-0.18562,-0.75711,-0.17638,-0.30181,-1.30187,0.20896,
1403715576912143104,-0.62842,0.06041,0.76389,0.58315,-0.19821,-0.76742,-0.17811,-0.22487,-1.38676,0.22324,
1403715577012142848,-0.64644,-0.08027,0.78699,0.57141,-0.21235,-0.77267,-0.17714,-0.18083,-1.44369,0.23221,
1403715577112143104,-0.66087,-0.22550,0.80970,0.56742,-0.23271,-0.77130,-0.17023,-0.14560,-1.46725,0.21295,
1403715577212142848,-0.67257,-0.37175,0.82734,0.56560,-0.25252,-0.76736,-0.16580,-0.11200,-1.46031,0.10952,
1403715577312143104,-0.68185,-0.51615,0.82612,0.56466,-0.26376,-0.76376,-0.16812,-0.09249,-1.43722,-0.11923,
1403715577412143104,-0.68820,-0.65725,0.80409,0.56245,-0.26603,-0.76258,-0.17707,-0.05069,-1.42592,-0.26865,
1403715577512142848,-0.69009,-0.79604,0.77469,0.56042,-0.26692,-0.76231,-0.18318,-0.01535,-1.42101,-0.27569,
1403715577612143104,-0.68706,-0.93230,0.75000,0.55897,-0.26791,-0.76246,-0.18555,0.02386,-1.41285,-0.17345,
1403715577712142848,-0.68008,-1.06688,0.73913,0.55815,-0.27028,-0.76277,-0.18330,0.05652,-1.40004,-0.01914,
1403715577812143104,-0.66967,-1.19883,0.73844,0.56029,-0.27739,-0.76051,-0.17536,0.09911,-1.35293,-0.01184,
1403715577912143104,-0.65339,-1.32527,0.73035,0.56126,-0.29016,-0.75638,-0.16936,0.16224,-1.29968,-0.13970,
1403715578012142848,-0.63141,-1.44640,0.70612,0.55814,-0.30939,-0.75199,-0.16512,0.24044,-1.23652,-0.30300,
1403715578112143104,-0.60319,-1.56087,0.66705,0.54895,-0.33725,-0.74853,-0.15690,0.31039,-1.16243,-0.45184,
1403715578212142848,-0.56674,-1.66463,0.61763,0.53548,-0.37328,-0.74321,-0.14686,0.39192,-0.99860,-0.50763,
1403715578312143104,-0.52239,-1.75010,0.56947,0.52631,-0.39718,-0.73359,-0.16458,0.48903,-0.80082,-0.46751,
1403715578412143104,-0.46870,-1.82200,0.52319,0.51596,-0.41654,-0.72322,-0.19298,0.57749,-0.65991,-0.46912,
1403715578512142848,-0.40946,-1.88152,0.47624,-0.49516,0.43487,0.71853,0.22230,0.61802,-0.53392,-0.48441,
1403715578612143104,-0.34719,-1.93090,0.42649,-0.45740,0.45176,0.72593,0.24438,0.61803,-0.42288,-0.50300,
1403715578712142848,-0.28868,-1.96526,0.37705,-0.41860,0.46766,0.73618,0.25320,0.53980,-0.26373,-0.48276,
1403715578812143104,-0.24091,-1.97964,0.33088,-0.39545,0.48084,0.73949,0.25607,0.41748,-0.05282,-0.44233,
1403715578912143104,-0.20772,-1.97135,0.28802,-0.38936,0.48527,0.73677,0.26474,0.26973,0.18347,-0.38901,
1403715579012142848,-0.18999,-1.93934,0.25165,-0.39694,0.47275,0.73094,0.29098,0.10057,0.39452,-0.29415,
1403715579112143104,-0.18650,-1.89258,0.22468,-0.40260,0.44910,0.72766,0.32669,-0.07432,0.51331,-0.15506,
1403715579212142848,-0.20502,-1.83771,0.21240,-0.40987,0.41977,0.72277,0.36524,-0.29880,0.54345,-0.05025,
1403715579312143104,-0.24821,-1.78468,0.20809,-0.41936,0.40530,0.71536,0.38488,-0.52428,0.47302,-0.06150,
1403715579412143104,-0.31252,-1.73903,0.20143,-0.42191,0.40495,0.71281,0.38718,-0.72795,0.39338,-0.09207,
1403715579512142848,-0.39632,-1.70211,0.19279,-0.42363,0.41463,0.71209,0.37624,-0.92948,0.31605,-0.11856,
1403715579612143104,-0.49813,-1.67081,0.18411,-0.42859,0.42696,0.71039,0.35968,-1.09375,0.28691,-0.06050,
1403715579712142848,-0.61497,-1.64231,0.18114,-0.43964,0.42965,0.70558,0.35252,-1.22549,0.25933,-0.01586,
1403715579812143104,-0.74303,-1.61675,0.18575,-0.44949,0.42731,0.70168,0.35074,-1.32683,0.22939,0.09455,
1403715579912143104,-0.88068,-1.59587,0.20131,-0.45247,0.42430,0.69944,0.35500,-1.42340,0.17478,0.19589,
1403715580012142848,-1.02681,-1.58044,0.22099,-0.45831,0.43475,0.69009,0.35316,-1.48590,0.13436,0.16686,
1403715580112143104,-1.17697,-1.56899,0.23270,-0.46041,0.45219,0.67618,0.35542,-1.51449,0.08857,0.04249,
1403715580212142848,-1.32909,-1.56182,0.23104,-0.45803,0.47340,0.65989,0.36145,-1.52863,0.05483,-0.08551,
1403715580312143104,-1.48301,-1.55838,0.22153,-0.45333,0.49693,0.64139,0.36901,-1.53900,0.00870,-0.10892,
1403715580412143104,-1.63631,-1.55837,0.21219,-0.45084,0.52431,0.61816,0.37378,-1.51608,-0.02552,-0.08715,
1403715580512142848,-1.78651,-1.56285,0.20444,-0.44769,0.55115,0.59509,0.37640,-1.48064,-0.05949,-0.06574,
1403715580612143104,-1.93189,-1.57083,0.19717,-0.44471,0.57467,0.57725,0.37251,-1.41507,-0.08151,-0.06969,
1403715580712142848,-2.06901,-1.57993,0.18939,-0.44406,0.59709,0.56189,0.36135,-1.30613,-0.07721,-0.06911,
1403715580812143104,-2.19251,-1.58736,0.18314,-0.44550,0.61536,0.54863,0.34909,-1.15258,-0.05129,-0.04440,
1403715580912143104,-2.29822,-1.59196,0.17815,-0.45099,0.63412,0.53466,0.32961,-0.95683,-0.01904,-0.02767,
1403715581012142848,-2.38062,-1.59204,0.17683,-0.44981,0.64690,0.52909,0.31506,-0.68726,0.03799,0.00684,
1403715581112143104,-2.43575,-1.58467,0.17880,-0.43633,0.65199,0.53653,0.31091,-0.41978,0.13350,0.04799,
1403715581212142848,-2.46750,-1.56654,0.18530,-0.42219,0.64777,0.54573,0.32299,-0.19099,0.24391,0.08900,
1403715581312143104,-2.48145,-1.53775,0.19414,-0.42189,0.63928,0.54807,0.33608,-0.03387,0.34485,0.10243,
1403715581412143104,-2.47945,-1.50070,0.20197,-0.42709,0.62677,0.55465,0.34224,0.10971,0.40102,0.08341,
1403715581512142848,-2.46394,-1.45690,0.20723,-0.42680,0.60382,0.57313,0.35322,0.21672,0.45720,0.04791,
1403715581612143104,-2.44060,-1.40760,0.20351,-0.42511,0.57171,0.59844,0.36646,0.25158,0.51388,-0.07785,
1403715581712142848,-2.41543,-1.35544,0.18776,-0.42550,0.53858,0.62490,0.37199,0.23815,0.52957,-0.18138,
1403715581812143104,-2.39338,-1.30216,0.16869,-0.42638,0.50213,0.65306,0.37360,0.18466,0.54021,-0.14288,
1403715581912143104,-2.37977,-1.24938,0.15843,-0.43397,0.47084,0.67602,0.36466,0.08070,0.51816,-0.04400,
1403715582012142848,-2.37653,-1.19888,0.15993,-0.45543,0.44879,0.68707,0.34512,-0.01744,0.49325,0.09756,
1403715582112143104,-2.38051,-1.15175,0.17330,-0.48522,0.42498,0.68813,0.33231,-0.06108,0.44709,0.14838,
1403715582212142848,-2.38665,-1.11087,0.18503,0.50816,-0.40471,-0.68784,-0.32382,-0.05702,0.37280,0.04817,
1403715582312143104,-2.39304,-1.07763,0.18239,0.51046,-0.39509,-0.69608,-0.31433,-0.05167,0.30186,-0.11743,
1403715582412143104,-2.40083,-1.05070,0.17056,0.50101,-0.39322,-0.70791,-0.30533,-0.06426,0.25035,-0.14723,
1403715582512142848,-2.41097,-1.02824,0.16044,-0.48704,0.39614,0.71955,0.29682,-0.09419,0.21402,-0.09030,
1403715582612143104,-2.42385,-1.00809,0.16318,-0.47659,0.40075,0.72624,0.29127,-0.15540,0.21543,0.05139,
1403715582712142848,-2.44424,-0.98857,0.17605,-0.46847,0.40707,0.72907,0.28860,-0.22313,0.23353,0.13531,
1403715582812143104,-2.47008,-0.96729,0.18635,-0.46053,0.41472,0.73012,0.28783,-0.26898,0.24365,0.02502,
1403715582912143104,-2.50130,-0.94279,0.18316,-0.44832,0.42403,0.73334,0.28536,-0.33851,0.27740,-0.10959,
1403715583012142848,-2.53991,-0.91323,0.16877,-0.43646,0.43321,0.73626,0.28239,-0.42073,0.34143,-0.22956,
1403715583112143104,-2.58850,-0.87236,0.14403,-0.43322,0.43911,0.73444,0.28302,-0.52611,0.44937,-0.26498,
1403715583212142848,-2.64672,-0.82088,0.12086,-0.45303,0.43678,0.71914,0.29467,-0.60769,0.53038,-0.23029,
1403715583312143104,-2.70896,-0.76579,0.09850,-0.48266,0.43309,0.69752,0.30487,-0.62677,0.55121,-0.23546,
1403715583412143104,-2.77279,-0.71065,0.07604,0.51217,-0.42849,-0.67563,-0.31242,-0.61771,0.51908,-0.26096,
1403715583512142848,-2.83332,-0.66064,0.05090,0.53519,-0.42166,-0.65851,-0.31960,-0.55874,0.44249,-0.26196,
1403715583612143104,-2.88543,-0.62050,0.02664,0.56128,-0.40987,-0.63859,-0.33040,-0.44646,0.30498,-0.23160,
1403715583712142848,-2.92434,-0.59788,0.00334,0.58986,-0.39067,-0.61451,-0.34904,-0.31000,0.09688,-0.23990,
1403715583812143104,-2.94791,-0.60063,-0.02014,0.61147,-0.37307,-0.59521,-0.36420,-0.13861,-0.20479,-0.21545,
1403715583912143104,-2.95154,-0.63904,-0.03315,0.62276,-0.36659,-0.58606,-0.36648,0.08797,-0.59057,-0.05126,
1403715584012142848,-2.93018,-0.71761,-0.02892,0.62412,-0.37406,-0.58816,-0.35301,0.34201,-0.97934,0.14017,
1403715584112143104,-2.88229,-0.83281,-0.00633,0.61293,-0.39174,-0.60177,-0.32975,0.58827,-1.29097,0.29010,
1403715584212142848,-2.81076,-0.97440,0.03183,0.58861,-0.41446,-0.62524,-0.30140,0.82088,-1.50570,0.44337,
1403715584312143104,-2.71905,-1.12945,0.07778,0.55196,-0.43581,-0.65620,-0.27351,0.97687,-1.57036,0.42387,
1403715584412143104,-2.61678,-1.28493,0.11309,0.52206,-0.44896,-0.67923,-0.25403,1.06805,-1.54587,0.24206,
1403715584512142848,-2.50738,-1.43432,0.13015,0.50160,-0.45384,-0.69398,-0.24660,1.12944,-1.46765,0.11344,
1403715584612143104,-2.39261,-1.57353,0.14233,-0.48859,0.45523,0.70302,0.24456,1.16573,-1.33232,0.12155,
1403715584712142848,-2.27532,-1.70073,0.15646,-0.47267,0.44840,0.71472,0.25437,1.17989,-1.18220,0.15627,
1403715584812143104,-2.15754,-1.81176,0.17221,-0.45823,0.44064,0.72481,0.26554,1.12049,-1.05328,0.17861,
1403715584912143104,-2.04620,-1.91125,0.19010,-0.44638,0.43624,0.73220,0.27262,1.04511,-0.93621,0.19658,
1403715585012142848,-1.94472,-2.00056,0.20558,-0.42677,0.43299,0.74390,0.27749,0.92867,-0.84231,0.14489,
1403715585112143104,-1.85856,-2.07969,0.21835,-0.41030,0.44033,0.75157,0.27002,0.77604,-0.70393,0.14690,
1403715585212142848,-1.78837,-2.14124,0.23259,-0.40131,0.44653,0.75521,0.26312,0.60005,-0.52340,0.17423,
1403715585312143104,-1.73505,-2.18366,0.25082,-0.40889,0.44411,0.75132,0.26664,0.42461,-0.33086,0.22436,
1403715585412143104,-1.69588,-2.20941,0.27187,-0.42291,0.43530,0.74508,0.27663,0.28795,-0.18534,0.21924,
1403715585512142848,-1.66689,-2.22617,0.29215,-0.43554,0.42657,0.73964,0.28510,0.16813,-0.08936,0.22076,
1403715585612143104,-1.64762,-2.23779,0.31128,-0.44797,0.41709,0.73408,0.29409,0.07040,-0.03468,0.17695,
1403715585712142848,-1.64097,-2.24228,0.32490,-0.45312,0.41236,0.73228,0.29733,-0.01116,-0.00701,0.08928,
1403715585812143104,-1.64512,-2.24197,0.32511,-0.45596,0.41352,0.73122,0.29397,-0.08564,0.01734,-0.11738,
1403715585912143104,-1.65918,-2.23648,0.30210,-0.46181,0.42242,0.72755,0.28102,-0.14068,0.05299,-0.31218,
1403715586012142848,-1.67590,-2.22741,0.27011,-0.47307,0.43801,0.71869,0.26045,-0.17884,0.12214,-0.31296,
1403715586112143104,-1.69381,-2.20809,0.24795,-0.49453,0.44676,0.70201,0.25104,-0.15092,0.23285,-0.15329,
1403715586212142848,-1.70615,-2.18040,0.24090,0.51200,-0.43905,-0.68949,-0.26402,-0.06594,0.27976,-0.02557,
1403715586312143104,-1.71150,-2.15249,0.24204,0.51478,-0.42216,-0.68784,-0.28925,-0.00695,0.26883,0.00605,
1403715586412143104,-1.71326,-2.12741,0.24317,0.51379,-0.40371,-0.68820,-0.31530,0.00719,0.21699,-0.00481,
1403715586512142848,-1.71489,-2.10923,0.24320,0.51602,-0.39179,-0.68632,-0.33043,-0.00521,0.12093,-0.02065,
1403715586612143104,-1.71821,-2.10163,0.24417,0.51883,-0.38817,-0.68414,-0.33480,-0.01490,-0.00201,-0.02037,
1403715586712142848,-1.72161,-2.10515,0.24410,0.51647,-0.39236,-0.68578,-0.33017,-0.02013,-0.12160,-0.04018,
1403715586812143104,-1.72328,-2.12065,0.24167,0.50879,-0.40639,-0.69121,-0.31338,-0.01697,-0.21552,-0.04710,
1403715586912143104,-1.72405,-2.14108,0.24151,-0.49634,0.42116,0.69911,0.29582,-0.00961,-0.24049,-0.01253,
1403715587012142848,-1.72635,-2.16217,0.24708,-0.48805,0.42896,0.70339,0.28817,-0.01268,-0.22912,0.01410,
1403715587112143104,-1.72830,-2.18260,0.25301,-0.48726,0.43155,0.70262,0.28750,-0.01658,-0.19637,0.05515,
1403715587212142848,-1.72996,-2.20086,0.26440,-0.49365,0.42308,0.69864,0.29868,-0.02500,-0.17962,0.12126,
1403715587312143104,-1.73297,-2.22056,0.27808,0.50062,-0.41492,-0.69548,-0.30583,-0.04714,-0.20717,0.13910,
1403715587412143104,-1.73672,-2.24379,0.29281,0.51048,-0.41501,-0.69132,-0.29876,-0.03905,-0.24808,0.12430,
1403715587512142848,-1.73806,-2.26985,0.30716,0.51684,-0.42253,-0.68722,-0.28648,0.00489,-0.27419,0.12599,
1403715587612143104,-1.73212,-2.29694,0.32335,0.51963,-0.43845,-0.67989,-0.27477,0.09737,-0.27557,0.14530,
1403715587712142848,-1.71610,-2.32325,0.34093,0.51443,-0.45881,-0.67243,-0.26962,0.20873,-0.25761,0.14906,
1403715587812143104,-1.68897,-2.34674,0.35942,0.50496,-0.48136,-0.66122,-0.27585,0.32878,-0.21343,0.17736,
1403715587912143104,-1.65085,-2.36600,0.37892,-0.49335,0.50278,0.64521,0.29583,0.44610,-0.16757,0.20061,
1403715588012142848,-1.60173,-2.38280,0.39929,-0.48097,0.51987,0.62483,0.32863,0.53833,-0.16033,0.20473,
1403715588112143104,-1.54478,-2.40108,0.41638,-0.46907,0.53512,0.60139,0.36325,0.60244,-0.19540,0.12290,
1403715588212142848,-1.48266,-2.42413,0.41707,-0.45701,0.55115,0.57557,0.39509,0.62901,-0.24463,-0.09348,
1403715588312143104,-1.41965,-2.45316,0.39367,-0.44454,0.57132,0.54863,0.41830,0.64114,-0.33201,-0.31271,
1403715588412143104,-1.35614,-2.49076,0.35650,-0.42963,0.59182,0.52357,0.43709,0.65803,-0.43777,-0.34279,
1403715588512142848,-1.29126,-2.53777,0.31891,-0.41276,0.61125,0.50141,0.45232,0.66917,-0.54267,-0.33815,
1403715588612143104,-1.22541,-2.59365,0.28227,-0.39472,0.63146,0.48045,0.46328,0.67903,-0.63375,-0.33742,
1403715588712142848,-1.15805,-2.65820,0.24554,-0.37171,0.65476,0.46422,0.46649,0.68511,-0.70259,-0.33531,
1403715588812143104,-1.08872,-2.72828,0.20847,-0.34253,0.67912,0.45190,0.46611,0.69732,-0.74501,-0.35239,
1403715588912143104,-1.01778,-2.79975,0.16999,-0.30626,0.70522,0.44332,0.46080,0.70821,-0.72346,-0.37242,
1403715589012142848,-0.94506,-2.86521,0.13215,-0.27131,0.72992,0.43331,0.45371,0.72610,-0.63369,-0.33389,
1403715589112143104,-0.86955,-2.91878,0.10209,-0.24579,0.74941,0.41783,0.45099,0.76400,-0.48862,-0.22405,
1403715589212142848,-0.78851,-2.95474,0.08594,-0.22846,0.76299,0.40128,0.45236,0.81623,-0.30333,-0.06872,
1403715589312143104,-0.70190,-2.97219,0.08382,-0.21307,0.77500,0.38511,0.45350,0.88157,-0.12808,0.04835,
1403715589412143104,-0.60971,-2.96990,0.09340,-0.19709,0.78904,0.36905,0.44986,0.95253,0.04687,0.14247,
1403715589512142848,-0.50927,-2.95021,0.10620,-0.18279,0.80199,0.35242,0.44633,1.04588,0.23014,0.15173,
1403715589612143104,-0.39581,-2.91408,0.12229,-0.17018,0.81024,0.34198,0.44453,1.16564,0.43284,0.24699,
1403715589712142848,-0.26928,-2.85688,0.15353,-0.16616,0.81135,0.33382,0.45018,1.30797,0.66158,0.42367,
1403715589812143104,-0.12979,-2.77899,0.20630,-0.17279,0.79595,0.32626,0.47976,1.42984,0.86899,0.63594,
1403715589912143104,0.01617,-2.68709,0.27046,-0.18801,0.77470,0.31683,0.51392,1.44707,0.96168,0.63677,
1403715590012142848,0.16113,-2.58925,0.32957,-0.20107,0.76070,0.30989,0.53373,1.40929,0.99577,0.56616,
1403715590112143104,0.30100,-2.48906,0.38224,-0.20525,0.75364,0.31003,0.54201,1.36117,0.99689,0.50520,
1403715590212142848,0.43695,-2.38914,0.42878,-0.20349,0.75333,0.31615,0.53956,1.30179,1.00342,0.44260,
1403715590312143104,0.56623,-2.28702,0.47164,-0.20057,0.75077,0.33064,0.53552,1.23733,1.03059,0.43450,
1403715590412143104,0.68762,-2.17967,0.51369,-0.19662,0.74224,0.35464,0.53353,1.15836,1.11271,0.42039,
1403715590512142848,0.80065,-2.06321,0.55309,-0.19960,0.72908,0.38286,0.53105,1.06108,1.20849,0.39256,
1403715590612143104,0.90226,-1.93745,0.59042,-0.20673,0.71482,0.41427,0.52409,0.94554,1.30145,0.36573,
1403715590712142848,0.99137,-1.80264,0.62387,-0.23006,0.70816,0.43770,0.50398,0.82725,1.38871,0.33125,
1403715590812143104,1.06931,-1.65988,0.65781,-0.26375,0.69742,0.45597,0.48594,0.74327,1.46333,0.35296,
1403715590912143104,1.14097,-1.51212,0.69443,-0.29675,0.67772,0.47630,0.47515,0.67404,1.50040,0.35113,
1403715591012142848,1.20494,-1.36193,0.73037,-0.32104,0.65586,0.50357,0.46173,0.60304,1.51146,0.32285,
1403715591112143104,1.26104,-1.21250,0.76448,-0.34066,0.63284,0.53484,0.44432,0.54095,1.52051,0.30065,
1403715591212142848,1.31119,-1.06201,0.79598,-0.35389,0.60396,0.57085,0.42909,0.46881,1.52499,0.28486,
1403715591312143104,1.35201,-0.91146,0.82538,-0.36415,0.57001,0.60723,0.41685,0.36880,1.53841,0.25709,
1403715591412143104,1.38066,-0.75916,0.85256,-0.37831,0.53712,0.63804,0.40161,0.24525,1.55334,0.23088,
1403715591512142848,1.39761,-0.60555,0.87509,-0.39398,0.50659,0.66464,0.38261,0.11369,1.55022,0.16746,
1403715591612143104,1.40357,-0.45092,0.88891,-0.41137,0.47951,0.68742,0.35818,-0.00530,1.54998,0.03539,
1403715591712142848,1.39703,-0.29751,0.89071,-0.42961,0.45015,0.70582,0.33854,-0.09963,1.55566,-0.06940,
1403715591812143104,1.38136,-0.14301,0.88071,-0.44402,0.41956,0.72238,0.32401,-0.20626,1.53897,-0.19341,
1403715591912143104,1.35320,0.00730,0.85765,-0.45541,0.39021,0.73787,0.30966,-0.31623,1.49642,-0.32234,
1403715592012142848,1.31706,0.16021,0.82356,-0.46235,0.35557,0.75458,0.30069,-0.43282,1.45902,-0.43096,
1403715592112143104,1.26752,0.30596,0.78216,-0.46940,0.31935,0.77006,0.29103,-0.57495,1.37720,-0.46899,
1403715592212142848,1.20040,0.43984,0.74562,-0.48658,0.28025,0.77868,0.27992,-0.75353,1.26779,-0.32791,
1403715592312143104,1.11718,0.55833,0.72276,0.50334,-0.24047,-0.78612,-0.26615,-0.89265,1.10281,-0.19565,
1403715592412143104,1.01945,0.65846,0.71206,0.51455,-0.20133,-0.79514,-0.24992,-1.03616,0.91076,-0.06936,
1403715592512142848,0.90930,0.74048,0.70985,0.52252,-0.16281,-0.80391,-0.23281,-1.14542,0.70767,-0.02098,
1403715592612143104,0.78994,0.80040,0.70745,0.53138,-0.12349,-0.80960,-0.21665,-1.23659,0.50456,-0.03566,
1403715592712142848,0.66098,0.83641,0.70322,0.53844,-0.08279,-0.81437,-0.20007,-1.32045,0.25511,-0.03102,
1403715592812143104,0.52448,0.84699,0.70004,0.54546,-0.05167,-0.81928,-0.16905,-1.38499,0.00987,-0.03917,
1403715592912143104,0.38223,0.83477,0.69692,0.55219,-0.03772,-0.82476,-0.11594,-1.42840,-0.19274,-0.03896,
1403715593012142848,0.23884,0.80682,0.69343,0.55826,-0.02400,-0.82710,-0.06060,-1.44424,-0.30536,-0.04510,
1403715593112143104,0.09308,0.77464,0.68964,0.56406,-0.00133,-0.82563,-0.01335,-1.44346,-0.34976,-0.02934,
1403715593212142848,-0.05182,0.74079,0.68541,0.56851,0.03181,-0.82181,0.02034,-1.41951,-0.35108,-0.03640,
1403715593312143104,-0.19494,0.70724,0.68198,0.56940,0.06954,-0.81800,0.04280,-1.39813,-0.34986,-0.05036,
1403715593412143104,-0.33483,0.67218,0.67988,0.56918,0.11453,-0.81265,0.05019,-1.37288,-0.38132,-0.02584,
1403715593512142848,-0.47053,0.63139,0.67622,0.56767,0.15872,-0.80575,0.05768,-1.33041,-0.45036,-0.04073,
1403715593612143104,-0.59998,0.58068,0.67340,0.57006,0.19569,-0.79449,0.07430,-1.25742,-0.55030,-0.02140,
1403715593712142848,-0.72103,0.52096,0.67228,0.57846,0.22622,-0.77750,0.09851,-1.16352,-0.63540,-0.01095,
1403715593812143104,-0.83150,0.45311,0.67148,0.58296,0.25641,-0.76099,0.12370,-1.04324,-0.70311,-0.01208,
1403715593912143104,-0.92912,0.37911,0.66825,0.57851,0.29088,-0.74784,0.14643,-0.88764,-0.76454,-0.04288,
1403715594012142848,-1.01391,0.29954,0.66215,0.56487,0.32692,-0.73851,0.16924,-0.75308,-0.81690,-0.06001,
1403715594112143104,-1.08493,0.21423,0.65585,0.54617,0.35915,-0.73144,0.19418,-0.62944,-0.86963,-0.06296,
1403715594212142848,-1.14665,0.12316,0.65165,0.52999,0.38834,-0.72165,0.21801,-0.53331,-0.91858,-0.04507,
1403715594312143104,-1.19943,0.02673,0.65016,0.51688,0.41627,-0.70889,0.23879,-0.44005,-0.96418,-0.01787,
1403715594412143104,-1.24482,-0.07599,0.65084,0.50811,0.44562,-0.69108,0.25625,-0.34735,-1.02281,-0.00965,
1403715594512142848,-1.27957,-0.18378,0.65177,-0.49974,-0.47865,0.66930,-0.27054,-0.24247,-1.07065,0.00221,
1403715594612143104,-1.30279,-0.29627,0.65173,-0.48886,-0.51262,0.64568,-0.28519,-0.12395,-1.11510,-0.00929,
1403715594712142848,-1.31280,-0.41424,0.64920,-0.46684,-0.54625,0.62765,-0.29955,0.01453,-1.17541,-0.04177,
1403715594812143104,-1.30773,-0.53695,0.64387,-0.43092,-0.57340,0.61811,-0.32165,0.11887,-1.24396,-0.06171,
1403715594912143104,-1.29376,-0.66720,0.63880,-0.39793,-0.59746,0.60446,-0.34543,0.18577,-1.32779,-0.05869,
1403715595012142848,-1.27425,-0.80641,0.63333,0.37176,0.62169,-0.58476,0.36518,0.23741,-1.41981,-0.06831,
1403715595112143104,-1.24928,-0.95422,0.62790,0.35007,0.64434,-0.56110,0.38398,0.27992,-1.52866,-0.05717,
1403715595212142848,-1.22015,-1.11146,0.62462,0.32985,0.66069,-0.53559,0.40967,0.30559,-1.61381,-0.04266,
1403715595312143104,-1.18906,-1.27682,0.62085,0.31245,0.67668,-0.50567,0.43448,0.32340,-1.68642,-0.06721,
1403715595412143104,-1.15617,-1.44666,0.61401,0.29607,0.69148,-0.47281,0.45896,0.33187,-1.71483,-0.09244,
1403715595512142848,-1.12248,-1.61944,0.60720,0.28268,0.70501,-0.43544,0.48315,0.32774,-1.73671,-0.07641,
1403715595612143104,-1.08938,-1.79113,0.60147,0.27975,0.72041,-0.38906,0.50138,0.32795,-1.71503,-0.04513,
1403715595712142848,-1.05477,-1.95858,0.59594,0.28903,0.73272,-0.33189,0.51907,0.35557,-1.62608,-0.03982,
1403715595812143104,-1.01654,-2.11220,0.59068,0.29986,0.73963,-0.27314,0.53705,0.39642,-1.44651,-0.03051,
1403715595912143104,-0.97479,-2.24357,0.59010,0.30474,0.73755,-0.22366,0.55958,0.42381,-1.17721,0.01835,
1403715596012142848,-0.93151,-2.34171,0.59517,0.30063,0.72362,-0.18695,0.59249,0.40572,-0.82202,0.09007,
1403715596112143104,-0.89486,-2.40342,0.60716,0.28244,0.70454,-0.16684,0.62930,0.28398,-0.43036,0.17303,
1403715596212142848,-0.87246,-2.42158,0.62782,0.26566,0.70515,-0.15872,0.63796,0.12155,-0.04238,0.21983,
1403715596312143104,-0.86587,-2.40351,0.65309,0.24367,0.73708,-0.16410,0.60862,-0.01567,0.28019,0.23012,
1403715596412143104,-0.86634,-2.36030,0.67955,0.21191,0.77794,-0.17509,0.56502,-0.04490,0.50908,0.25624,
1403715596512142848,-0.86387,-2.30507,0.70835,0.17698,0.81041,-0.18299,0.52766,0.01529,0.62160,0.28248,
1403715596612143104,-0.85076,-2.24348,0.74038,0.14645,0.83404,-0.18325,0.49936,0.14640,0.64511,0.28792,
1403715596712142848,-0.82135,-2.18350,0.77449,0.12124,0.85165,-0.17626,0.47846,0.33129,0.60846,0.30646,
1403715596812143104,-0.77252,-2.12870,0.80836,0.10011,0.86451,-0.16372,0.46454,0.54143,0.54867,0.29801,
1403715596912143104,-0.70403,-2.08211,0.83856,0.08019,0.87541,-0.15390,0.45116,0.77616,0.45200,0.27969,
1403715597012142848,-0.61441,-2.04145,0.86452,0.06849,0.88319,-0.14457,0.44090,1.03037,0.35101,0.26202,
1403715597112143104,-0.49847,-2.00977,0.89140,0.06282,0.88318,-0.13761,0.44398,1.30311,0.24382,0.27699,
1403715597212142848,-0.35484,-1.98665,0.91992,0.05652,0.87140,-0.13265,0.46891,1.54395,0.15947,0.28500,
1403715597312143104,-0.19159,-1.97198,0.94836,0.04704,0.85303,-0.12621,0.50419,1.69440,0.09353,0.26956,
1403715597412143104,-0.01791,-1.96468,0.97413,0.03438,0.83477,-0.11605,0.53713,1.76156,0.02400,0.26874,
1403715597512142848,0.15931,-1.96396,0.99895,0.02713,0.81656,-0.09552,0.56866,1.75020,-0.02607,0.23321,
1403715597612143104,0.33283,-1.96711,1.02001,0.01765,0.80803,-0.07001,0.58471,1.68936,-0.04785,0.17206,
1403715597712142848,0.49887,-1.97263,1.03368,0.00563,0.80808,-0.04356,0.58743,1.63471,-0.08220,0.13235,
1403715597812143104,0.66076,-1.98194,1.04553,-0.00654,0.81063,-0.02230,0.58510,1.57941,-0.11655,0.10058,
1403715597912143104,0.81712,-1.99541,1.05678,-0.01416,0.80797,-0.00601,0.58903,1.52925,-0.14353,0.12803,
1403715598012142848,0.96763,-2.01165,1.06917,-0.01882,0.80101,0.00434,0.59834,1.44867,-0.17261,0.10967,
1403715598112143104,1.10973,-2.02999,1.07902,-0.01674,0.79742,0.01305,0.60305,1.36534,-0.18646,0.07029,
1403715598212142848,1.24441,-2.04830,1.08145,-0.01518,0.79047,0.01762,0.61206,1.28634,-0.18272,-0.01798,
1403715598312143104,1.36889,-2.06611,1.07295,-0.01551,0.77784,0.01761,0.62803,1.17353,-0.17768,-0.14998,
1403715598412143104,1.47862,-2.08448,1.05727,-0.01883,0.75923,0.01386,0.65040,1.00021,-0.17883,-0.15299,
1403715598512142848,1.56440,-2.10292,1.04093,-0.02419,0.74141,0.00782,0.67057,0.73964,-0.19931,-0.15432,
1403715598612143104,1.62340,-2.12383,1.02432,-0.02611,0.73420,0.00341,0.67842,0.46592,-0.23069,-0.17259,
1403715598712142848,1.65649,-2.14583,1.00462,-0.02040,0.74756,0.00293,0.66387,0.21429,-0.24173,-0.22385,
1403715598812143104,1.66992,-2.16762,0.97968,-0.01405,0.77068,0.00367,0.63706,0.01858,-0.24034,-0.26688,
1403715598912143104,1.67085,-2.18821,0.94990,-0.00794,0.78854,0.00516,0.61491,-0.08865,-0.22421,-0.29732,
1403715599012142848,1.65971,-2.20561,0.91644,-0.00293,0.79837,0.00673,0.60213,-0.15587,-0.20094,-0.32585,
1403715599112143104,1.63715,-2.21957,0.88324,-0.00000,0.80072,0.00775,0.59899,-0.20252,-0.16287,-0.35286,
1403715599212142848,1.61098,-2.23315,0.84647,-0.00353,0.80383,0.00494,0.59482,-0.26356,-0.13917,-0.40396,
1403715599312143104,1.58177,-2.24674,0.80469,-0.01248,0.80957,-0.00127,0.58689,-0.30540,-0.12853,-0.44297,
1403715599412143104,1.55070,-2.26142,0.75992,-0.02627,0.81213,-0.01092,0.58278,-0.32727,-0.15167,-0.46760,
1403715599512142848,1.51859,-2.28034,0.71280,-0.04036,0.81098,-0.02027,0.58333,-0.33271,-0.21417,-0.46518,
1403715599612143104,1.48485,-2.30780,0.66789,-0.04985,0.80797,-0.02590,0.58654,-0.34921,-0.30833,-0.43547,
1403715599712142848,1.44801,-2.34550,0.62629,-0.05347,0.80228,-0.02818,0.59387,-0.38319,-0.41231,-0.40751,
1403715599812143104,1.40729,-2.39093,0.58606,-0.04536,0.79709,-0.02384,0.60168,-0.44299,-0.50469,-0.40797,
1403715599912143104,1.35883,-2.44532,0.54556,-0.02758,0.79914,-0.01264,0.60038,-0.50912,-0.56259,-0.41884,
1403715600012142848,1.30525,-2.50331,0.50344,-0.01236,0.80732,-0.00357,0.58998,-0.54955,-0.58058,-0.41823,
1403715600112143104,1.24978,-2.56009,0.46157,0.00516,0.81231,0.01348,0.58305,-0.56337,-0.54464,-0.40562,
1403715600212142848,1.19381,-2.60985,0.41925,0.02369,0.81383,0.04329,0.57901,-0.56733,-0.43689,-0.40952,
1403715600312143104,1.13811,-2.64682,0.37592,0.02783,0.81371,0.07476,0.57577,-0.57345,-0.29323,-0.42129,
1403715600412143104,1.08074,-2.66791,0.33205,0.01556,0.81355,0.10522,0.57168,-0.58334,-0.12150,-0.43308,
1403715600512142848,1.02253,-2.67158,0.28750,-0.01514,0.81945,0.12899,0.55824,-0.58832,0.04127,-0.43837,
1403715600612143104,0.96549,-2.66130,0.24587,-0.05632,0.82569,0.14838,0.54134,-0.54956,0.15837,-0.38826,
1403715600712142848,0.91531,-2.63943,0.21464,-0.08989,0.82451,0.17461,0.53067,-0.48803,0.25590,-0.25228,
1403715600812143104,0.87181,-2.60961,0.19811,-0.11715,0.81649,0.20604,0.52646,-0.41948,0.32039,-0.11293,
1403715600912143104,0.83440,-2.57384,0.19600,-0.13918,0.80503,0.23829,0.52514,-0.36318,0.39730,0.03585,
1403715601012142848,0.80342,-2.53199,0.20730,-0.15684,0.79355,0.26508,0.52480,-0.31022,0.45642,0.15517,
1403715601112143104,0.77801,-2.48506,0.23109,-0.16972,0.78308,0.28386,0.52669,-0.26481,0.49928,0.29310,
1403715601212142848,0.75510,-2.43290,0.26641,-0.17407,0.77547,0.29704,0.52926,-0.24171,0.54286,0.41114,
1403715601312143104,0.73294,-2.37500,0.31054,-0.17242,0.76961,0.30729,0.53249,-0.25110,0.60443,0.46178,
1403715601412143104,0.71036,-2.31033,0.35420,-0.17332,0.76579,0.31387,0.53387,-0.26651,0.66811,0.43075,
1403715601512142848,0.68585,-2.23987,0.39317,-0.17788,0.76535,0.31396,0.53294,-0.27809,0.72614,0.38566,
1403715601612143104,0.66161,-2.16315,0.42763,-0.18305,0.76552,0.31124,0.53255,-0.28187,0.78652,0.34767,
1403715601712142848,0.63581,-2.08103,0.46000,-0.18837,0.76582,0.30722,0.53259,-0.29022,0.82846,0.34418,
1403715601812143104,0.60962,-1.99522,0.49217,-0.19241,0.76227,0.30437,0.53785,-0.29198,0.86212,0.32730,
1403715601912143104,0.58158,-1.90816,0.52269,-0.19337,0.75894,0.29705,0.54624,-0.30197,0.86840,0.31516,
1403715602012142848,0.54973,-1.82211,0.55400,-0.19359,0.74986,0.28166,0.56648,-0.33569,0.85455,0.30448,
1403715602112143104,0.51205,-1.73887,0.58195,-0.19183,0.74122,0.26207,0.58746,-0.40370,0.80914,0.25395,
1403715602212142848,0.46542,-1.66185,0.60411,-0.18584,0.74361,0.24004,0.59573,-0.50776,0.72668,0.19475,
1403715602312143104,0.40878,-1.59327,0.62178,-0.17455,0.75325,0.21812,0.59546,-0.59353,0.64903,0.13735,
1403715602412143104,0.34399,-1.53165,0.63511,-0.15330,0.77206,0.20073,0.58321,-0.65287,0.59296,0.12151,
1403715602512142848,0.27454,-1.47557,0.64821,-0.13271,0.78951,0.18190,0.57094,-0.69281,0.55234,0.15300,
1403715602612143104,0.20348,-1.42242,0.65966,-0.11161,0.80014,0.16342,0.56623,-0.70090,0.53045,0.09232,
1403715602712142848,0.13220,-1.37184,0.66184,-0.08770,0.80386,0.14503,0.57016,-0.70547,0.52332,-0.02911,
1403715602812143104,0.05995,-1.32046,0.64811,-0.06599,0.80977,0.12468,0.56953,-0.71094,0.54389,-0.19770,
1403715602912143104,-0.01183,-1.26481,0.62132,-0.05026,0.81488,0.10133,0.56848,-0.71026,0.56947,-0.31976,
1403715603012142848,-0.08167,-1.20429,0.58322,-0.03400,0.81943,0.07965,0.56660,-0.68770,0.61023,-0.41478,
1403715603112143104,-0.14901,-1.14111,0.53787,-0.01934,0.81950,0.05666,0.56994,-0.67754,0.63270,-0.45988,
1403715603212142848,-0.21536,-1.07441,0.49214,-0.00392,0.82198,0.03443,0.56846,-0.66590,0.66878,-0.45943,
1403715603312143104,-0.27984,-1.00517,0.44709,0.01020,0.82737,0.01515,0.56136,-0.63068,0.70496,-0.44468,
1403715603412143104,-0.34089,-0.93139,0.40549,0.01768,0.83059,-0.00134,0.55661,-0.58054,0.75414,-0.39664,
1403715603512142848,-0.39675,-0.85341,0.36936,0.01571,0.82963,-0.01771,0.55781,-0.52678,0.78489,-0.35274,
1403715603612143104,-0.44739,-0.77481,0.33732,0.00849,0.82888,-0.03328,0.55836,-0.48046,0.77634,-0.31575,
1403715603712142848,-0.49251,-0.69951,0.30742,-0.00295,0.82690,-0.04963,0.56014,-0.42249,0.72660,-0.29139,
1403715603812143104,-0.53231,-0.63330,0.28438,-0.01317,0.82280,-0.06174,0.56481,-0.39251,0.63252,-0.18678,
1403715603912143104,-0.57033,-0.57805,0.27162,-0.02250,0.82872,-0.06967,0.55485,-0.36731,0.51376,-0.09498,
1403715604012142848,-0.60093,-0.53680,0.26820,-0.02456,0.83988,-0.07048,0.53762,-0.27937,0.37848,-0.02274,
1403715604112143104,-0.62200,-0.50735,0.27014,-0.00818,0.84425,-0.05826,0.53271,-0.18282,0.27645,-0.01577,
1403715604212142848,-0.63526,-0.48476,0.26927,0.00774,0.84155,-0.04713,0.53806,-0.09341,0.22179,-0.03309,
1403715604312143104,-0.64213,-0.46451,0.26502,0.01622,0.83725,-0.04121,0.54502,-0.02837,0.20090,-0.08132,
1403715604412143104,-0.64142,-0.44533,0.25631,0.01936,0.83705,-0.03947,0.54536,0.03481,0.19164,-0.11437,
1403715604512142848,-0.63550,-0.42667,0.24874,0.02049,0.83489,-0.03894,0.54865,0.09150,0.19344,-0.09360,
1403715604612143104,-0.62254,-0.40980,0.24052,0.02138,0.82737,-0.03818,0.55995,0.14243,0.18761,-0.09530,
1403715604712142848,-0.60786,-0.39145,0.23226,0.02411,0.82203,-0.03671,0.56775,0.16231,0.19400,-0.10186,
1403715604812143104,-0.59216,-0.37178,0.22294,0.02571,0.82086,-0.03568,0.56943,0.16297,0.20569,-0.10821,
1403715604912143104,-0.57583,-0.35028,0.21487,0.02632,0.82095,-0.03491,0.56933,0.16944,0.21270,-0.07628,
1403715605012142848,-0.55810,-0.32899,0.20769,0.02636,0.82400,-0.03421,0.56495,0.17778,0.21951,-0.06743,
1403715605112143104,-0.53769,-0.30649,0.20415,0.02568,0.82412,-0.03387,0.56482,0.20951,0.23399,-0.02266,
1403715605212142848,-0.51531,-0.28365,0.20362,0.02498,0.82205,-0.03213,0.56795,0.23529,0.24119,-0.00878,
1403715605312143104,-0.49076,-0.25945,0.20485,0.01975,0.82020,-0.03318,0.57077,0.25078,0.24941,0.01573,
1403715605412143104,-0.46637,-0.23452,0.20531,0.01146,0.81814,-0.03613,0.57377,0.25417,0.23544,-0.04940,
1403715605512142848,-0.44203,-0.21153,0.19709,0.00539,0.81919,-0.03771,0.57226,0.25122,0.21646,-0.14527,
1403715605612143104,-0.41872,-0.19100,0.17899,0.00023,0.82170,-0.03909,0.56858,0.24325,0.19023,-0.22961,
1403715605712142848,-0.39386,-0.17337,0.15677,0.00365,0.82158,-0.03491,0.56902,0.25371,0.14717,-0.22186,
1403715605812143104,-0.36695,-0.15894,0.13726,0.01142,0.82016,-0.02869,0.57130,0.26302,0.12601,-0.19459,
1403715605912143104,-0.33993,-0.14634,0.12085,0.01498,0.81913,-0.02512,0.57286,0.27749,0.12428,-0.15707,
1403715606012142848,-0.31324,-0.13329,0.10410,0.01701,0.81746,-0.02260,0.57529,0.27154,0.13040,-0.20709,
1403715606112143104,-0.28653,-0.11884,0.08061,0.01773,0.81660,-0.02016,0.57658,0.26429,0.14330,-0.26349,
1403715606212142848,-0.26089,-0.10226,0.05255,0.01580,0.81691,-0.01961,0.57622,0.25204,0.16684,-0.28368,
1403715606312143104,-0.23624,-0.08394,0.02789,0.00778,0.81689,-0.02258,0.57630,0.24840,0.18557,-0.20734,
1403715606412143104,-0.21145,-0.06640,0.01285,0.00127,0.81737,-0.02456,0.57559,0.24766,0.16218,-0.10258,
1403715606512142848,-0.18587,-0.05076,0.00785,-0.00238,0.81576,-0.02478,0.57785,0.24681,0.15148,-0.01954,
1403715606612143104,-0.16210,-0.03638,0.00495,-0.00856,0.81481,-0.02570,0.57909,0.22581,0.12997,-0.03925,
1403715606712142848,-0.14076,-0.02496,-0.00074,-0.01638,0.81356,-0.02758,0.58059,0.21472,0.10060,-0.08123,
1403715606812143104,-0.12034,-0.01772,-0.01055,-0.02347,0.81105,-0.02936,0.58377,0.19894,0.04123,-0.10836,
1403715606912143104,-0.10250,-0.01609,-0.02196,-0.01908,0.80583,-0.02423,0.59134,0.16374,-0.00718,-0.12069,
1403715607012142848,-0.08996,-0.01805,-0.03459,-0.00803,0.80450,-0.01503,0.59371,0.10912,-0.03091,-0.14646,
1403715607112143104,-0.08257,-0.02093,-0.04981,0.00101,0.80787,-0.00782,0.58931,0.06423,-0.01928,-0.15084,
1403715607212142848,-0.07750,-0.02209,-0.06497,0.00436,0.81086,-0.00415,0.58521,0.03947,-0.00002,-0.14092,
1403715607312143104,-0.07617,-0.02122,-0.07701,0.00522,0.81255,-0.00325,0.58286,0.00721,0.02250,-0.12020,
1403715607412143104,-0.07665,-0.01841,-0.08594,0.00498,0.81163,-0.00362,0.58414,-0.01401,0.03233,-0.07859,
1403715607512142848,-0.07988,-0.01354,-0.09259,0.00662,0.81192,-0.00360,0.58372,-0.04282,0.06508,-0.05863,
1403715607612143104,-0.08493,-0.00622,-0.09757,0.00766,0.81257,-0.00443,0.58279,-0.05932,0.08758,-0.02668,
1403715607712142848,-0.09203,0.00356,-0.10038,0.00929,0.81286,-0.00500,0.58236,-0.07924,0.11197,-0.02611,
1403715607812143104,-0.10086,0.01531,-0.10813,0.00848,0.81370,-0.00723,0.58118,-0.09755,0.12848,-0.12103,
1403715607912143104,-0.11001,0.02865,-0.12469,0.00894,0.81524,-0.00435,0.57904,-0.04257,0.13146,-0.09986,
1403715608012142848,-0.10938,0.02886,-0.12167,0.01189,0.81505,0.00000,0.57927,0.00519,-0.03120,0.01497,
1403715608112143104,-0.10826,0.02767,-0.12470,0.01111,0.81627,-0.00055,0.57757,0.02237,-0.00820,-0.00857,
1403715608212142848,-0.10854,0.02899,-0.12420,0.01161,0.81607,-0.00041,0.57784,-0.01884,-0.02262,-0.00271,
1403715608312143104,-0.10820,0.02893,-0.12488,0.01111,0.81614,-0.00105,0.57775,0.01510,0.00724,-0.00100,
1403715608412143104,-0.10817,0.02850,-0.12504,0.01116,0.81593,-0.00113,0.57804,-0.00147,0.00848,0.00229,
1403715608512142848,-0.10846,0.02914,-0.12529,0.01092,0.81576,-0.00130,0.57829,0.00178,-0.00524,-0.00099,
1403715608612143104,-0.10814,0.02880,-0.12523,0.01073,0.81618,-0.00164,0.57769,0.00358,0.00310,0.00069,
1403715608712142848,-0.10835,0.02900,-0.12552,0.01054,0.81612,-0.00169,0.57778,-0.00683,0.00075,0.00670,
1403715608812143104,-0.10836,0.02890,-0.12553,0.01055,0.81598,-0.00179,0.57798,0.00190,-0.00373,0.00019,
1403715608912143104,-0.10832,0.02881,-0.12552,0.01058,0.81615,-0.00188,0.57774,-0.00770,0.00102,0.00376,
1403715609012142848,-0.10848,0.02897,-0.12560,0.01054,0.81596,-0.00192,0.57801,-0.00141,-0.00165,0.00547,
1403715609112143104,-0.10838,0.02881,-0.12550,0.01056,0.81613,-0.00208,0.57776,-0.00431,0.00134,0.00476,
1403715609212142848,-0.10851,0.02891,-0.12550,0.01049,0.81610,-0.00216,0.57781,-0.00704,-0.00170,0.00664,
1403715609312143104,-0.10843,0.02885,-0.12552,0.01051,0.81616,-0.00232,0.57773,-0.00175,-0.00289,0.00496,
